Workbook

Sheet Janeiro 2018
A1: ACIONAMENTO - JANEIRO
A2: Seguradora/Regulador | B2: AIG | C2: ALLIANZ | D2: ARGO | E2: AXA | F2: BERKLEY | G2: CHUBB | H2: FAIRFAX | I2: FATOR | J2: LIBERTY | K2: QBE | L2: SULAMÉRICA | M2: SURA | N2: Total
A3: Ana Herrera | D3: 3 | N3: =SUM(B3:M3) -> 3 | O3: =N3/$N$22 -> 0.05
A4: Antonio | K4: 2 | N4: =SUM(B4:M4) -> 2 | O4: =N4/$N$22 -> 0.033333333
A5: Carlos | B5: 1 | D5: 2 | N5: =SUM(B5:M5) -> 3 | O5: =N5/$N$22 -> 0.05
A6: Caroline Motta | B6: 1 | D6: 2 | N6: =SUM(B6:M6) -> 3 | O6: =N6/$N$22 -> 0.05
A7: Diego | N7: =SUM(B7:M7) -> 0 | O7: =N7/$N$22 -> 0
A8: Emílio | D8: 4 | N8: =SUM(B8:M8) -> 4 | O8: =N8/$N$22 -> 0.066666667
A9: Everton | D9: 3 | N9: =SUM(B9:M9) -> 3 | O9: =N9/$N$22 -> 0.05
A10: Fabielle | D10: 3 | F10: 2 | N10: =SUM(B10:M10) -> 5 | O10: =N10/$N$22 -> 0.083333333
A11: Fernanda | D11: 4 | N11: =SUM(B11:M11) -> 4 | O11: =N11/$N$22 -> 0.066666667
A12: Jéssica Carvalho | D12: 6 | N12: =SUM(B12:M12) -> 6 | O12: =N12/$N$22 -> 0.1
A13: Jéssica Rosa | D13: 1 | N13: =SUM(B13:M13) -> 1 | O13: =N13/$N$22 -> 0.016666667
A14: João | D14: 3 | N14: =SUM(B14:M14) -> 3 | O14: =N14/$N$22 -> 0.05
A15: Karina | D15: 3 | N15: =SUM(B15:M15) -> 3 | O15: =N15/$N$22 -> 0.05
A16: Karisa | D16: 4 | E16: 1 | N16: =SUM(B16:M16) -> 5 | O16: =N16/$N$22 -> 0.083333333
A17: Maria Beatriz | B17: 2 | D17: 1 | N17: =SUM(B17:M17) -> 3 | O17: =N17/$N$22 -> 0.05
A18: Pâmela | D18: 3 | N18: =SUM(B18:M18) -> 3 | O18: =N18/$N$22 -> 0.05
A19: Renata | B19: 1 | D19: 1 | J19: 4 | N19: =SUM(B19:M19) -> 6 | O19: =N19/$N$22 -> 0.1
A20: Seidy | B20: 1 | D20: 2 | N20: =SUM(B20:M20) -> 3 | O20: =N20/$N$22 -> 0.05
A21: Teresa | N21: =SUM(B21:M21) -> 0 | O21: =N21/$N$22 -> 0
A22: Total | B22: =SUM(B3:B21) -> 6 | C22: =SUM(C3:C21) -> 0 | D22: =SUM(D3:D21) -> 45 | E22: =SUM(E3:E21) -> 1 | F22: =SUM(F3:F21) -> 2 | G22: =SUM(G3:G21) -> 0 | H22: =SUM(H3:H21) -> 0 | I22: =SUM(I3:I21) -> 0 | ... M22: =SUM(M3:M21) -> 0 | N22: =SUM(N2:N20) -> 60 | O22: =SUM(O2:O20) -> 1
A24: Produto | B24: Contador | C24: Corretor | D24: Médico | E24: Dentista | F24: RCPM | G24: Advogado | H24: Despachante | I24: Posto | J24: Cartório | K24: D & O | L24: Turismo | M24: Diversos
A25: Total | B25: =B48 -> 13 | C25: =C48 -> 2 | D25: =D48 -> 18 | E25: =E48 -> 1 | F25: =F48 -> 10 | G25: =G48 -> 1 | H25: =H48 -> 0 | I25: =I48 -> 0 | ... M25: =M48 -> 12
A26: Estado
A27: AL
A28: BA | C28: 1 | M28: 1
A29: CE
A30: DF | B30: 1 | M30: 1
A31: ES
A32: GO | F32: 4
A33: MA
A34: MG | B34: 3 | D34: 1 | J34: 1 | M34: 3
A35: MS | E35: 1
A36: MT
A37: PA
A38: PB | F38: 2
A39: PE
A40: PR | D40: 1 | F40: 1
A41: RJ | D41: 7 | F41: 1
A42: RN
A43: RO
A44: RS | B44: 1
A45: SC | D45: 2
A46: SE
A47: SP | B47: 8 | C47: 1 | D47: 7 | F47: 2 | G47: 1 | L47: 2 | M47: 7
A48: Total | B48: =SUM(B27:B47) -> 13 | C48: =SUM(C27:C47) -> 2 | D48: =SUM(D27:D47) -> 18 | E48: =SUM(E27:E47) -> 1 | F48: =SUM(F27:F47) -> 10 | G48: =SUM(G27:G47) -> 1 | H48: =SUM(H27:H47) -> 0 | I48: =SUM(I27:I47) -> 0 | ... M48: =SUM(M27:M47) -> 12 | O48: =B48+C48+D48+E48+F48+G48+H48+I48+J48+K48+L48+M48 -> 60

Sheet Fevereiro 2018
A1: ACIONAMENTO - FEVEREIRO
A2: Seguradora/Regulador | B2: AIG | C2: ALLIANZ | D2: ARGO | E2: AXA | F2: BERKLEY | G2: CHUBB | H2: FAIRFAX | I2: FATOR | J2: LIBERTY | K2: QBE | L2: SULAMÉRICA | M2: SURA | N2: Total
A3: Ana Herrera | D3: 3 | N3: =SUM(B3:M3) -> 3 | O3: =N3/$N$20 -> 0.050847458
A4: Antonio | K4: 1 | N4: =SUM(B4:M4) -> 1 | O4: =N4/$N$20 -> 0.016949153
A5: Carlos | B5: 1 | D5: 2 | F5: 7 | N5: =SUM(B5:M5) -> 10 | O5: =N5/$N$20 -> 0.16949153
A6: Caroline Motta | D6: 3 | N6: =SUM(B6:M6) -> 3 | O6: =N6/$N$20 -> 0.050847458
A7: Emílio | D7: 3 | N7: =SUM(B7:M7) -> 3 | O7: =N7/$N$20 -> 0.050847458
A8: Everton | D8: 5 | N8: =SUM(B8:M8) -> 5 | O8: =N8/$N$20 -> 0.084745763
A9: Fabielle | D9: 2 | N9: =SUM(B9:M9) -> 2 | O9: =N9/$N$20 -> 0.033898305
A10: Fernanda | D10: 3 | N10: =SUM(B10:M10) -> 3 | O10: =N10/$N$20 -> 0.050847458
A11: Jéssica Carvalho | B11: 1 | D11: 2 | N11: =SUM(B11:M11) -> 3 | O11: =N11/$N$20 -> 0.050847458
A12: Jéssica Rosa | B12: 1 | D12: 2 | E12: 1 | N12: =SUM(B12:M12) -> 4 | O12: =N12/$N$20 -> 0.06779661
A13: João | D13: 2 | I13: 1 | N13: =SUM(B13:M13) -> 3 | O13: =N13/$N$20 -> 0.050847458
A14: Karina | B14: 1 | D14: 2 | N14: =SUM(B14:M14) -> 3 | O14: =N14/$N$20 -> 0.050847458
A15: Karisa | D15: 4 | N15: =SUM(B15:M15) -> 4 | O15: =N15/$N$20 -> 0.06779661
A16: Maria Beatriz | B16: 1 | D16: 2 | N16: =SUM(B16:M16) -> 3 | O16: =N16/$N$20 -> 0.050847458
A17: Pâmela | B17: 1 | D17: 1 | E17: 1 | N17: =SUM(B17:M17) -> 3 | O17: =N17/$N$20 -> 0.050847458
A18: Renata | D18: 3 | N18: =SUM(B18:M18) -> 3 | O18: =N18/$N$20 -> 0.050847458
A19: Seidy | D19: 3 | N19: =SUM(B19:M19) -> 3 | O19: =N19/$N$20 -> 0.050847458
A20: Total | B20: =SUM(B3:B19) -> 6 | C20: =SUM(C3:C19) -> 0 | D20: =SUM(D3:D19) -> 42 | E20: =SUM(E3:E19) -> 2 | F20: =SUM(F3:F19) -> 7 | G20: =SUM(G3:G19) -> 0 | H20: =SUM(H3:H19) -> 0 | I20: =SUM(I3:I19) -> 1 | ... M20: =SUM(M3:M19) -> 0 | N20: =SUM(N2:N19) -> 59 | O20: =SUM(O2:O19) -> 1
A22: Produto | B22: Contador | C22: Corretor | D22: Médico | E22: Dentista | F22: RCPM | G22: Advogado | H22: Despachante | I22: Posto | J22: Cartório | K22: D & O | L22: Turismo | M22: Diversos
A23: Total | B23: =B46 -> 18 | C23: =C46 -> 5 | D23: =D46 -> 5 | E23: =E46 -> 4 | F23: =F46 -> 14 | G23: =G46 -> 1 | H23: =H46 -> 1 | I23: =I46 -> 0 | ... M23: =M46 -> 8
A24: Estado
A25: AL | D25: 1
A26: BA
A27: CE
A28: DF | E28: 1
A29: ES | B29: 1 | F29: 4
A30: GO
A31: MA | F31: 2
A32: MG | B32: 7 | D32: 3 | E32: 1 | F32: 1
A33: MS
A34: MT
A35: PA | F35: 2
A36: PB | M36: 1
A37: PE | E37: 1 | F37: 2 | M37: 1
A38: PR | B38: 2 | D38: 1 | F38: 2
A39: RJ | F39: 1
A40: RN
A41: RO | B41: 1 | M41: 1
A42: RS | B42: 2 | M42: 1
A43: SC
A44: SE | B44: 5 | C44: 5 | E44: 1 | G44: 1 | H44: 1 | L44: 3 | M44: 4
A45: SP
A46: Total | B46: =SUM(B25:B45) -> 18 | C46: =SUM(C25:C45) -> 5 | D46: =SUM(D25:D45) -> 5 | E46: =SUM(E25:E45) -> 4 | F46: =SUM(F25:F45) -> 14 | G46: =SUM(G25:G45) -> 1 | H46: =SUM(H25:H45) -> 1 | I46: =SUM(I25:I45) -> 0 | ... M46: =SUM(M25:M45) -> 8

Sheet Março 2018
A1: ACIONAMENTO - MARÇO
A2: Seguradora/Regulador | B2: AIG | C2: ALLIANZ | D2: ARGO | E2: AXA | F2: BERKLEY | G2: CHUBB | H2: FAIRFAX | I2: FATOR | J2: LIBERTY | K2: QBE | L2: SULAMÉRICA | M2: SURA | N2: Total
A3: Ana Herrera | D3: 5 | G3: 1 | N3: =SUM(B3:M3) -> 6 | O3: =N3/$N$20 -> 0.068181818
A4: Antonio | K4: 4 | N4: =SUM(B4:M4) -> 4 | O4: =N4/$N$20 -> 0.045454545
A5: Carlos | B5: 2 | D5: 4 | N5: =SUM(B5:M5) -> 6 | O5: =N5/$N$20 -> 0.068181818
A6: Caroline Motta | B6: 4 | D6: 3 | N6: =SUM(B6:M6) -> 7 | O6: =N6/$N$20 -> 0.079545455
A7: Emílio | D7: 2 | N7: =SUM(B7:M7) -> 2 | O7: =N7/$N$20 -> 0.022727273
A8: Everton | D8: 7 | N8: =SUM(B8:M8) -> 7 | O8: =N8/$N$20 -> 0.079545455
A9: Fabielle | B9: 1 | D9: 4 | N9: =SUM(B9:M9) -> 5 | O9: =N9/$N$20 -> 0.056818182
A10: Fernanda | D10: 7 | N10: =SUM(B10:M10) -> 7 | O10: =N10/$N$20 -> 0.079545455
A11: Jéssica Carvalho | B11: 2 | D11: 5 | N11: =SUM(B11:M11) -> 7 | O11: =N11/$N$20 -> 0.079545455
A12: Jéssica Rosa | B12: 1 | D12: 1 | N12: =SUM(B12:M12) -> 2 | O12: =N12/$N$20 -> 0.022727273
A13: João | B13: 1 | D13: 7 | N13: =SUM(B13:M13) -> 8 | O13: =N13/$N$20 -> 0.090909091
A14: Karina | B14: 1 | D14: 5 | N14: =SUM(B14:M14) -> 6 | O14: =N14/$N$20 -> 0.068181818
A15: Karisa | D15: 2 | E15: 1 | N15: =SUM(B15:M15) -> 3 | O15: =N15/$N$20 -> 0.034090909
A16: Maria Beatriz | B16: 2 | D16: 4 | N16: =SUM(B16:M16) -> 6 | O16: =N16/$N$20 -> 0.068181818
A17: Pâmela | D17: 3 | N17: =SUM(B17:M17) -> 3 | O17: =N17/$N$20 -> 0.034090909
A18: Renata | D18: 2 | N18: =SUM(B18:M18) -> 2 | O18: =N18/$N$20 -> 0.022727273
A19: Seidy | B19: 3 | D19: 4 | N19: =SUM(B19:M19) -> 7 | O19: =N19/$N$20 -> 0.079545455
A20: Total | B20: =SUM(B3:B19) -> 17 | C20: =SUM(C3:C19) -> 0 | D20: =SUM(D3:D19) -> 65 | E20: =SUM(E3:E19) -> 1 | F20: =SUM(F3:F19) -> 0 | G20: =SUM(G3:G19) -> 1 | H20: =SUM(H3:H19) -> 0 | I20: =SUM(I3:I19) -> 0 | ... M20: =SUM(M3:M19) -> 0 | N20: =SUM(N2:N19) -> 88 | O20: =SUM(O2:O19) -> 1
A22: Produto | B22: Contador | C22: Corretor | D22: Médico | E22: Dentista | F22: RCPM | G22: Advogado | H22: Despachante | I22: Posto | J22: Cartório | K22: D & O | L22: Turismo | M22: Diversos
A23: Total | B23: =B46 -> 19 | C23: =C46 -> 10 | D23: =D46 -> 11 | E23: =E46 -> 6 | F23: =F46 -> 21 | G23: =G46 -> 4 | H23: =H46 -> 2 | I23: =I46 -> 2 | ... M23: =M46 -> 5
A24: Estado
A25: AL
A26: BA | D26: 1
A27: CE | F27: 1 | J27: 1
A28: DF
A29: ES | C29: 2
A30: GO | B30: 1 | F30: 2 | H30: 1
A31: MA | F31: 1
A32: MG | B32: 2 | C32: 2 | F32: 3 | M32: 1
A33: MS | B33: 1 | F33: 4
A34: MT | F34: 1
A35: PA | F35: 1
A36: PB
A37: PE | B37: 1
A38: PR | L38: 1
A39: RJ | B39: 3 | D39: 2 | F39: 2 | L39: 1
A40: RN | D40: 1 | F40: 2
A41: RO | E41: 1
A42: RS | D42: 1 | F42: 1 | G42: 1
A43: SC | B43: 1 | C43: 1 | D43: 2 | E43: 1
A44: SE
A45: SP | B45: 10 | C45: 5 | D45: 4 | E45: 4 | F45: 3 | G45: 3 | H45: 1 | I45: 2 | L45: 4 | M45: 4
A46: Total | B46: =SUM(B25:B45) -> 19 | C46: =SUM(C25:C45) -> 10 | D46: =SUM(D25:D45) -> 11 | E46: =SUM(E25:E45) -> 6 | F46: =SUM(F25:F45) -> 21 | G46: =SUM(G25:G45) -> 4 | H46: =SUM(H25:H45) -> 2 | I46: =SUM(I25:I45) -> 2 | ... M46: =SUM(M25:M45) -> 5

Sheet Abril 2018
A1: ACIONAMENTO - ABRIL
A2: Seguradora/Regulador | B2: AIG | C2: ALLIANZ | D2: ARGO | E2: AXA | F2: BERKLEY | G2: CHUBB | H2: FAIRFAX | I2: FATOR | J2: LIBERTY | K2: QBE | L2: SULAMÉRICA | M2: SURA | N2: TOKIO | O2: SWISS | P2: Total
A3: Ana Herrera | B3: 2 | D3: 4 | J3: 1 | K3: 1 | P3: =SUM(B3:O3) -> 8 | Q3: =P3/$P$15 -> 0.094117647
A4: Carlos | B4: 1 | D4: 4 | P4: =SUM(B4:O4) -> 5 | Q4: =P4/$P$15 -> 0.058823529
A5: Caroline Motta | B5: 1 | D5: 8 | P5: =SUM(B5:O5) -> 9 | Q5: =P5/$P$15 -> 0.10588235
A6: Diego | E6: 1 | P6: =SUM(B6:O6) -> 1 | Q6: =P6/$P$15 -> 0.011764706
A7: Everton | B7: 2 | D7: 6 | P7: =SUM(B7:O7) -> 8 | Q7: =P7/$P$15 -> 0.094117647
A8: Fernanda | D8: 4 | O8: 1 | P8: =SUM(B8:O8) -> 5 | Q8: =P8/$P$15 -> 0.058823529
A9: Jéssica Carvalho | B9: 2 | D9: 7 | P9: =SUM(B9:O9) -> 9 | Q9: =P9/$P$15 -> 0.10588235
A10: João | D10: 6 | J10: 1 | P10: =SUM(B10:O10) -> 7 | Q10: =P10/$P$15 -> 0.082352941
A11: Karina | B11: 2 | D11: 6 | P11: =SUM(B11:O11) -> 8 | Q11: =P11/$P$15 -> 0.094117647
A12: Maria Beatriz | B12: 1 | D12: 2 | E12: 1 | J12: 1 | P12: =SUM(B12:O12) -> 5 | Q12: =P12/$P$15 -> 0.058823529
A13: Renata | B13: 2 | D13: 6 | P13: =SUM(B13:O13) -> 8 | Q13: =P13/$P$15 -> 0.094117647
A14: Seidy | D14: 11 | J14: 1 | P14: =SUM(B14:O14) -> 12 | Q14: =P14/$P$15 -> 0.14117647
A15: Total | B15: =SUM(B3:B14) -> 13 | C15: =SUM(C3:C14) -> 0 | D15: =SUM(D3:D14) -> 64 | E15: =SUM(E3:E14) -> 2 | F15: =SUM(F3:F14) -> 0 | G15: =SUM(G3:G14) -> 0 | H15: =SUM(H3:H14) -> 0 | I15: =SUM(I3:I14) -> 0 | ... O15: =SUM(O3:O14) -> 1 | P15: =SUM(P2:P14) -> 85 | Q15: =SUM(Q2:Q14) -> 1
A18: Produto | B18: Contador | C18: Corretor | D18: Médico | E18: Dentista | F18: RCPM | G18: Advogado | H18: Despachante | I18: Posto | J18: Cartório | K18: D & O | L18: Turismo | M18: Diversos
A19: Total | B19: =B48 -> 14 | C19: =C48 -> 17 | D19: =D48 -> 19 | E19: =E48 -> 5 | F19: =F48 -> 14 | G19: =G48 -> 2 | H19: =H48 -> 1 | J19: =J48 -> 5 | L19: =L48 -> 1 | M19: =M48 -> 7
A20: Estado
A21: AC
A22: AL
A23: AM
A24: AP
A25: BA | D25: 2
A26: CE | F26: 1 | J26: 1 | L26: 1
A27: DF | B27: 1 | E27: 1
A28: ES | B28: 1 | G28: 1
A29: GO | F29: 2 | J29: 1 | M29: 1
A30: MA
A31: MG | B31: 1 | C31: 2 | F31: 3 | J31: 1 | M31: 1
A32: MS | D32: 1 | F32: 1 | M32: 1
A33: MT
A34: PA
A35: PB
A36: PE
A37: PI | F37: 1
A38: PR | C38: 2 | F38: 1 | J38: 1
A39: RJ | C39: 1 | D39: 10 | F39: 1
A40: RN
A41: RO | E41: 1
A42: RR
A43: RS | B43: 2 | C43: 1 | G43: 1 | M43: 1
A44: SC | B44: 1 | C44: 2 | D44: 3 | E44: 1 | F44: 1 | M44: 1
A45: SE | F45: 1
A46: SP | B46: 8 | C46: 9 | D46: 3 | E46: 2 | F46: 1 | H46: 1 | J46: 1 | M46: 2
A47: TO | F47: 1
A48: Total | B48: =SUM(B21:B47) -> 14 | C48: =SUM(C21:C47) -> 17 | D48: =SUM(D21:D47) -> 19 | E48: =SUM(E21:E47) -> 5 | F48: =SUM(F21:F47) -> 14 | G48: =SUM(G21:G47) -> 2 | H48: =SUM(H21:H47) -> 1 | I48: =SUM(I21:I47) -> 0 | ... M48: =SUM(M21:M47) -> 7 | N48: =SUM(B48:M48) -> 85

Sheet Maio 2018
A1: ACIONAMENTO - MAIO
A2: Regulador/Seguradora | B2: ARGO | C2: AIG | D2: LIBERTY | E2: AXA | F2: QBE | G2: TÓKIO | O2: Total
A3: Ana Herrera | B3: 6 | F3: 1 | O3: =SUM(B3:N3) -> 7 | P3: =O3/$O$15 -> 0.072164948
A4: Carlos Edson | B4: 8 | F4: 1 | O4: =SUM(B4:N4) -> 9 | P4: =O4/$O$15 -> 0.092783505
A5: Caroline Motta | B5: 7 | C5: 1 | E5: 1 | O5: =SUM(B5:N5) -> 9 | P5: =O5/$O$15 -> 0.092783505
A6: Everton Gustavo | B6: 8 | E6: 1 | O6: =SUM(B6:N6) -> 9 | P6: =O6/$O$15 -> 0.092783505
A7: Fernanda Sanches | B7: 4 | C7: 3 | E7: 1 | G7: 1 | O7: =SUM(B7:N7) -> 9 | P7: =O7/$O$15 -> 0.092783505
A8: João Vitor | B8: 7 | C8: 1 | E8: 1 | O8: =SUM(B8:N8) -> 9 | P8: =O8/$O$15 -> 0.092783505
A9: Karisa Virgílio | B9: 6 | C9: 1 | O9: =SUM(B9:N9) -> 7 | P9: =O9/$O$15 -> 0.072164948
A10: Jéssica Carvalho | B10: 9 | C10: 2 | O10: =SUM(B10:N10) -> 11 | P10: =O10/$O$15 -> 0.11340206
A11: Seidy | B11: 7 | C11: 1 | O11: =SUM(B11:N11) -> 8 | P11: =O11/$O$15 -> 0.082474227
A12: Maria Beatriz | B12: 6 | C12: 2 | O12: =SUM(B12:N12) -> 8 | P12: =O12/$O$15 -> 0.082474227
A13: Karina | B13: 6 | C13: 2 | O13: =SUM(B13:N13) -> 8 | P13: =O13/$O$15 -> 0.082474227
A14: Jéssica Rosa | B14: 2 | C14: 1 | O14: =SUM(B14:N14) -> 3 | P14: =O14/$O$15 -> 0.030927835
A15: Total | B15: =SUM(B3:B14) -> 76 | C15: =SUM(C3:C14) -> 14 | D15: =SUM(D3:D13) -> 0 | E15: =SUM(E3:E13) -> 4 | F15: =SUM(F3:F13) -> 2 | G15: =SUM(G3:G13) -> 1 | H15: =SUM(H3:H13) -> 0 | I15: =SUM(I3:I13) -> 0 | J15: =SUM(J3:J13) -> 0 | K15: =SUM(K3:K13) -> 0 | ... N15: =SUM(N3:N13) -> 0 | O15: =SUM(O2:O14) -> 97 | P15: =SUM(P2:P13) -> 0.96907216
A18: Produto | B18: Contador | C18: Corretor | D18: Médico | E18: Dentista | F18: RCPM | G18: Advogado | H18: Despachante | I18: Posto | J18: Cartório | K18: D & O | L18: Turismo | M18: Diversos
A19: Total | B19: =B48 -> 18 | C19: =C48 -> 7 | D19: =D48 -> 18 | E19: =E48 -> 3 | F19: =F48 -> 25 | G19: =G48 -> 3 | H19: =H48 -> 2 | I19: =I48 -> 2 | ... M19: =M48 -> 12
A20: Estado
A21: AC
A22: AL
A23: AM
A24: AP
A25: BA | F25: 1
A26: CE | F26: 4 | L26: 1
A27: DF | C27: 1 | M27: 1
A28: ES | B28: 1 | L28: 2 | M28: 1
A29: GO | D29: 1 | F29: 3 | M29: 1
A30: MA | F30: 2
A31: MG | B31: 5 | C31: 1 | F31: 2 | M31: 1
A32: MS | F32: 1 | M32: 1
A33: MT | B33: 1 | F33: 1
A34: PA
A35: PB
A36: PE
A37: PI
A38: PR | B38: 1 | F38: 4 | M38: 1
A39: RJ | B39: 1 | D39: 6 | K39: 2 | L39: 1 | M39: 3
A40: RN | F40: 2
A41: RO | D41: 1
A42: RR | F42: 1
A43: RS | B43: 1 | D43: 1 | E43: 1
A44: SC | B44: 3 | D44: 2 | G44: 2 | H44: 1
A45: SE | F45: 1
A46: SP | B46: 5 | C46: 5 | D46: 7 | E46: 2 | F46: 3 | G46: 1 | H46: 1 | I46: 2 | J46: 1 | M46: 3
A47: TO
A48: Total | B48: =SUM(B21:B47) -> 18 | C48: =SUM(C21:C47) -> 7 | D48: =SUM(D21:D47) -> 18 | E48: =SUM(E21:E47) -> 3 | F48: =SUM(F21:F47) -> 25 | G48: =SUM(G21:G47) -> 3 | H48: =SUM(H21:H47) -> 2 | I48: =SUM(I21:I47) -> 2 | ... M48: =SUM(M21:M47) -> 12 | N48: =SUM(B48:M48) -> 97

Sheet Junho 2018
A1: ACIONAMENTO - JUNHO
A2: Regulador/Seguradora | B2: Argo | C2: AIG | D2: AXA | E2: CHUBB | O2: Total
A3: Seidy | B3: 4 | C3: 2 | O3: =B3+C3+D3+E3+F3+G3+H3+I3+J3+K3+L3+M3+N3 -> 6 | P3: =O3/$O$17 -> 0.073170732
A4: Maria Beatriz | B4: 4 | C4: 1 | D4: 2 | O4: =B4+C4+D4+E4+F4+G4+H4+I4+J4+K4+L4+M4+N4 -> 7 | P4: =O4/$O$17 -> 0.085365854
A5: Karina | B5: 5 | C5: 2 | O5: =B5+C5+D5+E5+F5+G5+H5+I5+J5+K5+L5+M5+N5 -> 7 | P5: =O5/$O$17 -> 0.085365854
A6: Ana Herrera | B6: 4 | C6: 2 | E6: 1 | O6: =B6+C6+D6+E6+F6+G6+H6+I6+J6+K6+L6+M6+N6 -> 7 | P6: =O6/$O$17 -> 0.085365854
A7: Carlos | B7: 7 | O7: =B7+C7+D7+E7+F7+G7+H7+I7+J7+K7+L7+M7+N7 -> 7 | P7: =O7/$O$17 -> 0.085365854
A8: Caroline | B8: 7 | O8: =B8+C8+D8+E8+F8+G8+H8+I8+J8+K8+L8+M8+N8 -> 7 | P8: =O8/$O$17 -> 0.085365854
A9: Everton | B9: 6 | C9: 1 | O9: =B9+C9+D9+E9+F9+G9+H9+I9+J9+K9+L9+M9+N9 -> 7 | P9: =O9/$O$17 -> 0.085365854
A10: Karisa | B10: 7 | O10: =B10+C10+D10+E10+F10+G10+H10+I10+J10+K10+L10+M10+N10 -> 7 | P10: =O10/$O$17 -> 0.085365854
A11: Jéssica Rosa | B11: 6 | O11: =B11+C11+D11+E11+F11+G11+H11+I11+J11+K11+L11+M11+N11 -> 6 | P11: =O11/$O$17 -> 0.073170732
A12: João | B12: 5 | C12: 1 | O12: =B12+C12+D12+E12+F12+G12+H12+I12+J12+K12+L12+M12+N12 -> 6 | P12: =O12/$O$17 -> 0.073170732
A13: Fernanda | B13: 3 | C13: 2 | D13: 1 | O13: =B13+C13+D13+E13+F13+G13+H13+I13+J13+K13+L13+M13+N13 -> 6 | P13: =O13/$O$17 -> 0.073170732
A14: Jéssica Carvalho | B14: 6 | O14: =B14+C14+D14+E14+F14+G14+H14+I14+J14+K14+L14+M14+N14 -> 6 | P14: =O14/$O$17 -> 0.073170732
A15: Teresa | B15: 2 | O15: =B15+C15+D15+E15+F15+G15+H15+I15+J15+K15+L15+M15+N15 -> 2 | P15: =O15/$O$17 -> 0.024390244
A16: Diego | C16: 1 | O16: =B16+C16+D16+E16+F16+G16+H16+I16+J16+K16+L16+M16+N16 -> 1 | P16: =O16/$O$17 -> 0.012195122
A17: Total | B17: =SUM(B3:B16) -> 66 | C17: =SUM(C3:C16) -> 12 | D17: =SUM(D3:D14) -> 3 | E17: =SUM(E3:E14) -> 1 | F17: =SUM(F3:F14) -> 0 | G17: =SUM(G3:G14) -> 0 | H17: =SUM(H3:H14) -> 0 | I17: =SUM(I3:I14) -> 0 | J17: =SUM(J3:J14) -> 0 | K17: =SUM(K3:K14) -> 0 | ... N17: =SUM(N3:N14) -> 0 | O17: =SUM(O2:O16) -> 82 | P17: =SUM(P2:P14) -> 0.96341463
A20: Produto | B20: Contador | C20: Corretor | D20: Médico | E20: Dentista | F20: RCPM | G20: Advogado | H20: Despachante | I20: Posto | J20: Cartório | K20: D & O | L20: Turismo | M20: Diversos
A21: Total | B21: =B50 -> 10 | C21: =C50 -> 14 | D21: =D50 -> 14 | E21: =E50 -> 4 | F21: =F50 -> 26 | G21: =G50 -> 2 | H21: =H50 -> 0 | I21: =I50 -> 0 | ... M21: =M50 -> 4
A22: Estado
A23: AC
A24: AL
A25: AM | B25: 1
A26: AP
A27: BA | F27: 1
A28: CE | F28: 2
A29: DF | M29: 1
A30: ES
A31: GO | F31: 4
A32: MA
A33: MG | C33: 1 | F33: 1 | L33: 1
A34: MS | B34: 1 | D34: 2 | F34: 4
A35: MT | C35: 1 | D35: 1
A36: PA
A37: PB | F37: 1
A38: PE | C38: 2 | F38: 1
A39: PI | F39: 1
A40: PR | C40: 1 | E40: 1 | F40: 2 | G40: 1
A41: RJ | C41: 2 | D41: 4 | F41: 3 | M41: 1
A42: RN | F42: 1 | L42: 1
A43: RO | D43: 1
A44: RR
A45: RS | B45: 2 | C45: 1 | E45: 1
A46: SC | B46: 1 | C46: 1 | D46: 5 | F46: 2
A47: SE
A48: SP | B48: 5 | C48: 5 | D48: 1 | E48: 2 | F48: 3 | G48: 1 | J48: 1 | L48: 5 | M48: 2
A49: TO
A50: Total | B50: =SUM(B23:B49) -> 10 | C50: =SUM(C23:C49) -> 14 | D50: =SUM(D23:D49) -> 14 | E50: =SUM(E23:E49) -> 4 | F50: =SUM(F23:F49) -> 26 | G50: =SUM(G23:G49) -> 2 | H50: =SUM(H23:H49) -> 0 | I50: =SUM(I23:I49) -> 0 | ... M50: =SUM(M23:M49) -> 4 | N50: =SUM(B50:M50) -> 82

Sheet Julho 2018
A1: ACIONAMENTO - JUNHO
A2: Regulador/Seguradora | B2: Argo | C2: AIG | D2: AXA | E2: CHUBB | F2: QBE | G2: FATOR | O2: Total
A3: Jéssica Rosa | B3: 9 | F3: 1 | O3: =B3+C3+D3+E3+F3+G3+H3+I3+J3+K3+L3+M3+N3 -> 10 | P3: =O3/$O$16 -> 0.085470085
A4: Teresa | B4: 8 | O4: =B4+C4+D4+E4+F4+G4+H4+I4+J4+K4+L4+M4+N4 -> 8 | P4: =O4/$O$16 -> 0.068376068
A5: João | B5: 8 | C5: 1 | F5: 1 | G5: 1 | O5: =B5+C5+D5+E5+F5+G5+H5+I5+J5+K5+L5+M5+N5 -> 11 | P5: =O5/$O$16 -> 0.094017094
A6: Fernanda | B6: 7 | C6: 4 | O6: =B6+C6+D6+E6+F6+G6+H6+I6+J6+K6+L6+M6+N6 -> 11 | P6: =O6/$O$16 -> 0.094017094
A7: Jéssica Carvalho | B7: 10 | C7: 2 | O7: =B7+C7+D7+E7+F7+G7+H7+I7+J7+K7+L7+M7+N7 -> 12 | P7: =O7/$O$16 -> 0.1025641
A8: Maria Beatriz | O8: =B8+C8+D8+E8+F8+G8+H8+I8+J8+K8+L8+M8+N8 -> 0 | P8: =O8/$O$16 -> 0
A9: Karina | B9: 11 | O9: =B9+C9+D9+E9+F9+G9+H9+I9+J9+K9+L9+M9+N9 -> 11 | P9: =O9/$O$16 -> 0.094017094
A10: Ana | B10: 4 | E10: 1 | O10: =B10+C10+D10+E10+F10+G10+H10+I10+J10+K10+L10+M10+N10 -> 5 | P10: =O10/$O$16 -> 0.042735043
A11: Carlos | B11: 8 | C11: 3 | O11: =B11+C11+D11+E11+F11+G11+H11+I11+J11+K11+L11+M11+N11 -> 11 | P11: =O11/$O$16 -> 0.094017094
A12: Caroline | B12: 9 | D12: 1 | F12: 1 | O12: =B12+C12+D12+E12+F12+G12+H12+I12+J12+K12+L12+M12+N12 -> 11 | P12: =O12/$O$16 -> 0.094017094
A13: Everton | B13: 8 | C13: 2 | O13: =B13+C13+D13+E13+F13+G13+H13+I13+J13+K13+L13+M13+N13 -> 10 | P13: =O13/$O$16 -> 0.085470085
A14: Karisa | B14: 7 | C14: 1 | D14: 2 | F14: 1 | O14: =B14+C14+D14+E14+F14+G14+H14+I14+J14+K14+L14+M14+N14 -> 11 | P14: =O14/$O$16 -> 0.094017094
A15: Seidy | B15: 4 | C15: 2 | O15: =B15+C15+D15+E15+F15+G15+H15+I15+J15+K15+L15+M15+N15 -> 6 | P15: =O15/$O$16 -> 0.051282051
A16: Total | B16: =SUM(B3:B15) -> 93 | C16: =SUM(C3:C15) -> 15 | D16: =SUM(D3:D14) -> 3 | E16: =SUM(E3:E14) -> 1 | F16: =SUM(F3:F14) -> 4 | G16: =SUM(G3:G14) -> 1 | H16: =SUM(H3:H14) -> 0 | I16: =SUM(I3:I14) -> 0 | J16: =SUM(J3:J14) -> 0 | K16: =SUM(K3:K14) -> 0 | ... N16: =SUM(N3:N14) -> 0 | O16: =SUM(O2:O15) -> 117 | P16: =SUM(P2:P14) -> 0.94871795
A19: Produto | B19: Contador | C19: Corretor | D19: Médico | E19: Dentista | F19: RCPM | G19: Advogado | H19: Despachante | I19: Posto | J19: Cartório | K19: D & O | L19: Turismo | M19: Diversos
A20: Total | B20: =B49 -> 24 | C20: =C49 -> 16 | D20: =D49 -> 14 | E20: =E49 -> 7 | F20: =F49 -> 41 | G20: =G49 -> 3 | H20: =H49 -> 2 | I20: =I49 -> 0 | ... M20: =M49 -> 4
A21: Estado
A22: AC
A23: AL | F23: 1
A24: AM
A25: AP
A26: BA | F26: 1
A27: CE | F27: 1
A28: DF | C28: 1 | E28: 1 | F28: 1 | G28: 1
A29: ES | C29: 1 | D29: 1 | F29: 1 | L29: 2
A30: GO | C30: 2 | F30: 8
A31: MA | F31: 1
A32: MG | B32: 2 | C32: 2 | F32: 9 | L32: 1 | M32: 1
A33: MS | E33: 1 | F33: 2
A34: MT | B34: 1 | C34: 1 | D34: 1 | G34: 1
A35: PA
A36: PB
A37: PE | F37: 1
A38: PI | F38: 1
A39: PR | B39: 2 | C39: 1 | D39: 1 | F39: 5
A40: RJ | B40: 5 | D40: 1 | E40: 1 | F40: 1
A41: RN | E41: 1
A42: RO | B42: 1 | F42: 1
A43: RR
A44: RS | B44: 1 | C44: 2 | D44: 1 | E44: 1 | F44: 3 | M44: 1
A45: SC | B45: 6 | C45: 1 | F45: 1
A46: SE
A47: SP | B47: 6 | C47: 5 | D47: 9 | E47: 2 | F47: 3 | G47: 1 | H47: 2 | J47: 1 | L47: 2 | M47: 2
A48: TO
A49: Total | B49: =SUM(B22:B48) -> 24 | C49: =SUM(C22:C48) -> 16 | D49: =SUM(D22:D48) -> 14 | E49: =SUM(E22:E48) -> 7 | F49: =SUM(F22:F48) -> 41 | G49: =SUM(G22:G48) -> 3 | H49: =SUM(H22:H48) -> 2 | I49: =SUM(I22:I48) -> 0 | ... M49: =SUM(M22:M48) -> 4 | N49: =SUM(B49:M49) -> 117

Sheet Agosto 2018
A1: ACIONAMENTO - JUNHO
A2: Regulador/Seguradora | B2: Argo | C2: AIG | D2: AXA | E2: CHUBB | F2: QBE | G2: FATOR | O2: Total
A3: Jéssica Rosa | B3: 8 | C3: 2 | O3: =B3+C3+D3+E3+F3+G3+H3+I3+J3+K3+L3+M3+N3 -> 10 | P3: =O3/$O$15 -> 0.076335878
A4: Teresa | B4: 11 | O4: =B4+C4+D4+E4+F4+G4+H4+I4+J4+K4+L4+M4+N4 -> 11 | P4: =O4/$O$15 -> 0.083969466
A5: João | B5: 8 | C5: 2 | G5: 1 | O5: =B5+C5+D5+E5+F5+G5+H5+I5+J5+K5+L5+M5+N5 -> 11 | P5: =O5/$O$15 -> 0.083969466
A6: Fernanda | B6: 8 | C6: 2 | F6: 1 | O6: =B6+C6+D6+E6+F6+G6+H6+I6+J6+K6+L6+M6+N6 -> 11 | P6: =O6/$O$15 -> 0.083969466
A7: Jéssica Carvalho | B7: 9 | C7: 2 | O7: =B7+C7+D7+E7+F7+G7+H7+I7+J7+K7+L7+M7+N7 -> 11 | P7: =O7/$O$15 -> 0.083969466
A8: Karina | B8: 10 | F8: 1 | O8: =B8+C8+D8+E8+F8+G8+H8+I8+J8+K8+L8+M8+N8 -> 11 | P8: =O8/$O$15 -> 0.083969466
A9: Ana | B9: 10 | C9: 1 | O9: =B9+C9+D9+E9+F9+G9+H9+I9+J9+K9+L9+M9+N9 -> 11 | P9: =O9/$O$15 -> 0.083969466
A10: Carlos | B10: 10 | C10: 1 | O10: =B10+C10+D10+E10+F10+G10+H10+I10+J10+K10+L10+M10+N10 -> 11 | P10: =O10/$O$15 -> 0.083969466
A11: Caroline | B11: 11 | O11: =B11+C11+D11+E11+F11+G11+H11+I11+J11+K11+L11+M11+N11 -> 11 | P11: =O11/$O$15 -> 0.083969466
A12: Everton | B12: 10 | C12: 1 | O12: =B12+C12+D12+E12+F12+G12+H12+I12+J12+K12+L12+M12+N12 -> 11 | P12: =O12/$O$15 -> 0.083969466
A13: Karisa | B13: 8 | C13: 3 | O13: =B13+C13+D13+E13+F13+G13+H13+I13+J13+K13+L13+M13+N13 -> 11 | P13: =O13/$O$15 -> 0.083969466
A14: Seidy | B14: 8 | C14: 2 | F14: 1 | O14: =B14+C14+D14+E14+F14+G14+H14+I14+J14+K14+L14+M14+N14 -> 11 | P14: =O14/$O$15 -> 0.083969466
A15: Total | B15: =SUM(B3:B14) -> 111 | C15: =SUM(C3:C14) -> 16 | D15: =SUM(D3:D13) -> 0 | E15: =SUM(E3:E13) -> 0 | F15: =SUM(F3:F14) -> 3 | G15: =SUM(G3:G13) -> 1 | H15: =SUM(H3:H13) -> 0 | I15: =SUM(I3:I13) -> 0 | J15: =SUM(J3:J13) -> 0 | K15: =SUM(K3:K13) -> 0 | L15: =SUM(L3:L13) -> 0 | M15: =SUM(M3:M13) -> 0 | N15: =SUM(N3:N13) -> 0 | O15: =SUM(O2:O14) -> 131 | P15: =SUM(P2:P13) -> 0.91603053
A18: Produto | B18: Contador | C18: Corretor | D18: Médico | E18: Dentista | F18: RCPM | G18: Advogado | H18: Despachante | I18: Posto | J18: Cartório | K18: D & O | L18: Turismo | M18: Diversos
A19: Total | B19: =B48 -> 9 | C19: =C48 -> 21 | D19: =D48 -> 28 | E19: =E48 -> 8 | F19: =F48 -> 53 | G19: =G48 -> 2 | H19: =H48 -> 0 | I19: =I48 -> 0 | ... M19: =M48 -> 3
A20: Estado
A21: AC
A22: AL
A23: AM
A24: AP
A25: BA | B25: 1 | C25: 1 | F25: 4
A26: CE | F26: 3
A27: DF | E27: 1
A28: ES | E28: 3 | L28: 1
A29: GO | F29: 9 | G29: 1
A30: MA | C30: 1 | F30: 1
A31: MG | C31: 3 | D31: 1 | F31: 4 | L31: 1
A32: MS | D32: 2 | F32: 5
A33: MT | D33: 1 | F33: 1
A34: PA
A35: PB | C35: 1 | F35: 2 | L35: 1
A36: PE | F36: 3
A37: PI
A38: PR | C38: 3 | E38: 1 | F38: 4 | L38: 1
A39: RJ | D39: 8 | E39: 2 | F39: 4 | M39: 2
A40: RN | F40: 4
A41: RO
A42: RR | F42: 1
A43: RS | B43: 1 | C43: 1 | D43: 2 | G43: 1
A44: SC | B44: 2 | C44: 2 | D44: 2 | E44: 1 | F44: 4
A45: SE | F45: 1
A46: SP | B46: 5 | C46: 9 | D46: 12 | F46: 2 | J46: 2 | L46: 1 | M46: 1
A47: TO | F47: 1
A48: Total | B48: =SUM(B21:B47) -> 9 | C48: =SUM(C21:C47) -> 21 | D48: =SUM(D21:D47) -> 28 | E48: =SUM(E21:E47) -> 8 | F48: =SUM(F21:F47) -> 53 | G48: =SUM(G21:G47) -> 2 | H48: =SUM(H21:H47) -> 0 | I48: =SUM(I21:I47) -> 0 | ... M48: =SUM(M21:M47) -> 3 | N48: =SUM(B48:M48) -> 131

Sheet Setembro 2018
A1: ACIONAMENTO - JUNHO
A2: Regulador/Seguradora | B2: Argo | C2: AIG | D2: AXA | E2: CHUBB | F2: QBE | G2: FATOR | O2: Total
A3: Teresa | B3: 9 | O3: =B3+C3+D3+E3+F3+G3+H3+I3+J3+K3+L3+M3+N3 -> 9 | P3: =O3/$O$15 -> 0.1011236
A4: João | B4: 7 | F4: 1 | O4: =B4+C4+D4+E4+F4+G4+H4+I4+J4+K4+L4+M4+N4 -> 8 | P4: =O4/$O$15 -> 0.08988764
A5: Fernanda | B5: 6 | C5: 2 | O5: =B5+C5+D5+E5+F5+G5+H5+I5+J5+K5+L5+M5+N5 -> 8 | P5: =O5/$O$15 -> 0.08988764
A6: Jéssica Carvalho | B6: 4 | C6: 1 | O6: =B6+C6+D6+E6+F6+G6+H6+I6+J6+K6+L6+M6+N6 -> 5 | P6: =O6/$O$15 -> 0.056179775
A7: Karina | B7: 6 | C7: 2 | O7: =B7+C7+D7+E7+F7+G7+H7+I7+J7+K7+L7+M7+N7 -> 8 | P7: =O7/$O$15 -> 0.08988764
A8: Ana | B8: 6 | C8: 2 | O8: =B8+C8+D8+E8+F8+G8+H8+I8+J8+K8+L8+M8+N8 -> 8 | P8: =O8/$O$15 -> 0.08988764
A9: Carlos | B9: 6 | C9: 2 | O9: =B9+C9+D9+E9+F9+G9+H9+I9+J9+K9+L9+M9+N9 -> 8 | P9: =O9/$O$15 -> 0.08988764
A10: Caroline | B10: 5 | C10: 3 | O10: =B10+C10+D10+E10+F10+G10+H10+I10+J10+K10+L10+M10+N10 -> 8 | P10: =O10/$O$15 -> 0.08988764
A11: Everton | B11: 6 | C11: 1 | O11: =B11+C11+D11+E11+F11+G11+H11+I11+J11+K11+L11+M11+N11 -> 7 | P11: =O11/$O$15 -> 0.078651685
A12: Karisa | B12: 6 | C12: 2 | O12: =B12+C12+D12+E12+F12+G12+H12+I12+J12+K12+L12+M12+N12 -> 8 | P12: =O12/$O$15 -> 0.08988764
A13: Seidy | B13: 6 | C13: 2 | O13: =B13+C13+D13+E13+F13+G13+H13+I13+J13+K13+L13+M13+N13 -> 8 | P13: =O13/$O$15 -> 0.08988764
A14: Jéssica Rosa | B14: 4 | O14: =B14+C14+D14+E14+F14+G14+H14+I14+J14+K14+L14+M14+N14 -> 4 | P14: =O14/$O$15 -> 0.04494382
A15: Total | B15: =SUM(B3:B14) -> 71 | C15: =SUM(C3:C14) -> 17 | D15: =SUM(D3:D13) -> 0 | E15: =SUM(E3:E13) -> 0 | F15: =SUM(F3:F14) -> 1 | G15: =SUM(G3:G13) -> 0 | H15: =SUM(H3:H13) -> 0 | I15: =SUM(I3:I13) -> 0 | J15: =SUM(J3:J13) -> 0 | K15: =SUM(K3:K13) -> 0 | L15: =SUM(L3:L13) -> 0 | M15: =SUM(M3:M13) -> 0 | N15: =SUM(N3:N13) -> 0 | O15: =SUM(O2:O14) -> 89 | P15: =SUM(P2:P13) -> 0.95505618
A18: Produto | B18: Contador | C18: Corretor | D18: Médico | E18: Dentista | F18: RCPM | G18: Advogado | H18: Despachante | I18: Posto | J18: Cartório | K18: D & O | L18: Turismo | M18: Diversos
A19: Total | B19: =B48 -> 8 | C19: =C48 -> 11 | D19: =D48 -> 26 | E19: =E48 -> 5 | F19: =F48 -> 28 | G19: =G48 -> 1 | H19: =H48 -> 0 | I19: =I48 -> 0 | ... M19: =M48 -> 4
A20: Estado
A21: AC
A22: AL
A23: AM
A24: AP
A25: BA | F25: 1 | L25: 1
A26: CE | F26: 3
A27: DF | D27: 1
A28: ES | D28: 2
A29: GO | D29: 1 | F29: 4
A30: MA | D30: 1 | F30: 1 | L30: 1
A31: MG | B31: 1 | C31: 2 | D31: 1 | E31: 1 | F31: 2
A32: MS | B32: 1 | D32: 2 | F32: 2
A33: MT | E33: 1
A34: PA | L34: 1
A35: PB | F35: 1
A36: PE | F36: 2
A37: PI
A38: PR | B38: 1 | C38: 4 | D38: 1 | E38: 1 | F38: 2
A39: RJ | B39: 1 | D39: 8 | E39: 1 | F39: 1 | G39: 1
A40: RN | F40: 1
A41: RO | C41: 1
A42: RR
A43: RS | F43: 1 | L43: 1 | M43: 2
A44: SC | D44: 4 | F44: 1
A45: SE
A46: SP | B46: 4 | C46: 4 | D46: 5 | E46: 1 | F46: 6 | J46: 1 | L46: 1 | M46: 2
A47: TO
A48: Total | B48: =SUM(B21:B47) -> 8 | C48: =SUM(C21:C47) -> 11 | D48: =SUM(D21:D47) -> 26 | E48: =SUM(E21:E47) -> 5 | F48: =SUM(F21:F47) -> 28 | G48: =SUM(G21:G47) -> 1 | H48: =SUM(H21:H47) -> 0 | I48: =SUM(I21:I47) -> 0 | ... M48: =SUM(M21:M47) -> 4 | N48: =SUM(B48:M48) -> 89

Sheet Outubro 2018
A1: ACIONAMENTO - OUTUBRO
A2: Regulador/Seguradora | B2: Argo | C2: AIG | D2: AXA | E2: CHUBB | F2: QBE | G2: FATOR | O2: Total
A3: João | B3: 6 | C3: 7 | O3: =B3+C3+D3+E3+F3+G3+H3+I3+J3+K3+L3+M3+N3 -> 13 | P3: =O3/$O$14 -> 0.1031746
A4: Fernanda | B4: 4 | D4: 1 | O4: =B4+C4+D4+E4+F4+G4+H4+I4+J4+K4+L4+M4+N4 -> 5 | P4: =O4/$O$14 -> 0.03968254
A5: Ana | B5: 9 | C5: 1 | F5: 2 | O5: =B5+C5+D5+E5+F5+G5+H5+I5+J5+K5+L5+M5+N5 -> 12 | P5: =O5/$O$14 -> 0.095238095
A6: Carlos | B6: 10 | C6: 3 | O6: =B6+C6+D6+E6+F6+G6+H6+I6+J6+K6+L6+M6+N6 -> 13 | P6: =O6/$O$14 -> 0.1031746
A7: Caroline | B7: 9 | C7: 3 | O7: =B7+C7+D7+E7+F7+G7+H7+I7+J7+K7+L7+M7+N7 -> 12 | P7: =O7/$O$14 -> 0.095238095
A8: Everton | B8: 11 | O8: =B8+C8+D8+E8+F8+G8+H8+I8+J8+K8+L8+M8+N8 -> 11 | P8: =O8/$O$14 -> 0.087301587
A9: Emilio | B9: 5 | F9: 1 | O9: =B9+C9+D9+E9+F9+G9+H9+I9+J9+K9+L9+M9+N9 -> 6 | P9: =O9/$O$14 -> 0.047619048
A10: Karisa | B10: 7 | C10: 6 | E10: 1 | F10: 1 | O10: =B10+C10+D10+E10+F10+G10+H10+I10+J10+K10+L10+M10+N10 -> 15 | P10: =O10/$O$14 -> 0.11904762
A11: Seidy | B11: 5 | C11: 6 | F11: 3 | O11: =B11+C11+D11+E11+F11+G11+H11+I11+J11+K11+L11+M11+N11 -> 14 | P11: =O11/$O$14 -> 0.11111111
A12: Jéssica Rosa | B12: 12 | O12: =B12+C12+D12+E12+F12+G12+H12+I12+J12+K12+L12+M12+N12 -> 12 | P12: =O12/$O$14 -> 0.095238095
A13: Teresa | B13: 3 | C13: 8 | E13: 2 | O13: =B13+C13+D13+E13+F13+G13+H13+I13+J13+K13+L13+M13+N13 -> 13 | P13: =O13/$O$14 -> 0.1031746
A14: Total | B14: =SUM(B3:B13) -> 81 | C14: =SUM(C3:C13) -> 34 | D14: =SUM(D3:D13) -> 1 | E14: =SUM(E3:E13) -> 3 | F14: =SUM(F3:F13) -> 7 | G14: =SUM(G3:G13) -> 0 | H14: =SUM(H3:H13) -> 0 | I14: =SUM(I3:I13) -> 0 | ... N14: =SUM(N3:N13) -> 0 | O14: =SUM(O2:O13) -> 126 | P14: =SUM(P2:P13) -> 1
A17: Produto | B17: Contador | C17: Corretor | D17: Médico | E17: Dentista | F17: RCPM | G17: Advogado | H17: Despachante | I17: Posto | J17: Cartório | K17: D & O | L17: Turismo | M17: Diversos
A18: Total | B18: =B47 -> 28 | C18: =C47 -> 20 | D18: =D47 -> 17 | E18: =E47 -> 7 | F18: =F47 -> 32 | G18: =G47 -> 4 | H18: =H47 -> 2 | I18: =I47 -> 0 | ... M18: =M47 -> 1
A19: Estado
A20: AC
A21: AL
A22: AM
A23: AP
A24: BA | D24: 1
A25: CE | B25: 1 | F25: 7
A26: DF | B26: 2 | D26: 1 | L26: 1
A27: ES | L27: 1
A28: GO | B28: 1 | C28: 1 | F28: 7
A29: MA
A30: MG | B30: 5 | C30: 2 | F30: 4 | L30: 4
A31: MS | F31: 2
A32: MT
A33: PA
A34: PB
A35: PE
A36: PI | F36: 1
A37: PR | B37: 3 | C37: 4 | D37: 1 | E37: 7 | F37: 1 | G37: 1
A38: RJ | B38: 1 | D38: 4 | F38: 2 | L38: 1
A39: RN | C39: 1 | F39: 2
A40: RO
A41: RR
A42: RS | F42: 2 | J42: 1 | L42: 1
A43: SC | B43: 5 | C43: 3 | D43: 2 | F43: 2 | G43: 1
A44: SE
A45: SP | B45: 10 | C45: 9 | D45: 8 | F45: 2 | G45: 2 | H45: 2 | J45: 1 | L45: 5 | M45: 1
A46: TO
A47: Total | B47: =SUM(B20:B46) -> 28 | C47: =SUM(C20:C46) -> 20 | D47: =SUM(D20:D46) -> 17 | E47: =SUM(E20:E46) -> 7 | F47: =SUM(F20:F46) -> 32 | G47: =SUM(G20:G46) -> 4 | H47: =SUM(H20:H46) -> 2 | I47: =SUM(I20:I46) -> 0 | ... M47: =SUM(M20:M46) -> 1 | N47: =SUM(B47:M47) -> 126

Sheet Novembro 2018
A1: ACIONAMENTO - NOVEMBRO
A2: Regulador/Seguradora | B2: Argo | C2: AIG | D2: AXA | E2: CHUBB | F2: QBE | G2: FATOR | O2: Total
A3: Everton | B3: 14 | O3: =B3+C3+D3+E3+F3+G3+H3+I3+J3+K3+L3+M3+N3 -> 14 | P3: =O3/$O$14 -> 0.10769231
A4: Karisa | B4: 3 | C4: 7 | D4: 2 | O4: =B4+C4+D4+E4+F4+G4+H4+I4+J4+K4+L4+M4+N4 -> 12 | P4: =O4/$O$14 -> 0.092307692
A5: Seidy | B5: 8 | C5: 4 | D5: 1 | F5: 1 | O5: =B5+C5+D5+E5+F5+G5+H5+I5+J5+K5+L5+M5+N5 -> 14 | P5: =O5/$O$14 -> 0.10769231
A6: Jéssica Rosa | B6: 13 | D6: 1 | F6: 1 | O6: =B6+C6+D6+E6+F6+G6+H6+I6+J6+K6+L6+M6+N6 -> 15 | P6: =O6/$O$14 -> 0.11538462
A7: Teresa | B7: 6 | C7: 7 | G7: 1 | O7: =B7+C7+D7+E7+F7+G7+H7+I7+J7+K7+L7+M7+N7 -> 14 | P7: =O7/$O$14 -> 0.10769231
A8: João | B8: 9 | C8: 3 | D8: 1 | O8: =B8+C8+D8+E8+F8+G8+H8+I8+J8+K8+L8+M8+N8 -> 13 | P8: =O8/$O$14 -> 0.1
A9: Emilio | B9: 7 | O9: =B9+C9+D9+E9+F9+G9+H9+I9+J9+K9+L9+M9+N9 -> 7 | P9: =O9/$O$14 -> 0.053846154
A10: Ana | B10: 14 | O10: =B10+C10+D10+E10+F10+G10+H10+I10+J10+K10+L10+M10+N10 -> 14 | P10: =O10/$O$14 -> 0.10769231
A11: Carlos | B11: 13 | D11: 2 | O11: =B11+C11+D11+E11+F11+G11+H11+I11+J11+K11+L11+M11+N11 -> 15 | P11: =O11/$O$14 -> 0.11538462
A12: Caroline | B12: 6 | C12: 4 | O12: =B12+C12+D12+E12+F12+G12+H12+I12+J12+K12+L12+M12+N12 -> 10 | P12: =O12/$O$14 -> 0.076923077
A13: Diego | C13: 2 | O13: =B13+C13+D13+E13+F13+G13+H13+I13+J13+K13+L13+M13+N13 -> 2 | P13: =O13/$O$14 -> 0.015384615
A14: Total | B14: =SUM(B3:B13) -> 93 | C14: =SUM(C3:C13) -> 27 | D14: =SUM(D3:D13) -> 7 | E14: =SUM(E3:E13) -> 0 | F14: =SUM(F3:F13) -> 2 | G14: =SUM(G3:G13) -> 1 | H14: =SUM(H3:H13) -> 0 | I14: =SUM(I3:I13) -> 0 | ... N14: =SUM(N3:N13) -> 0 | O14: =SUM(O2:O13) -> 130 | P14: =SUM(P2:P13) -> 1
A17: Produto | B17: Contador | C17: Corretor | D17: Médico | E17: Dentista | F17: RCPM | G17: Advogado | H17: Despachante | I17: Posto | J17: Cartório | K17: D & O | L17: Turismo | M17: Diversos
A18: Total | B18: =B47 -> 15 | C18: =C47 -> 17 | D18: =D47 -> 24 | E18: =E47 -> 12 | F18: =F47 -> 41 | G18: =G47 -> 5 | H18: =H47 -> 1 | I18: =I47 -> 0 | ... M18: =M47 -> 6
A19: Estado
A20: AC
A21: AL
A22: AM
A23: AP
A24: BA | C24: 1 | D24: 1 | F24: 1
A25: CE | F25: 2
A26: DF
A27: ES | L27: 1
A28: GO | B28: 1 | F28: 8
A29: MA | D29: 1
A30: MG | B30: 1 | D30: 2 | F30: 9 | M30: 1
A31: MS | D31: 1 | F31: 1
A32: MT | C32: 1 | M32: 1
A33: PA | F33: 1
A34: PB | E34: 2 | F34: 2
A35: PE | F35: 1
A36: PI | F36: 1
A37: PR | C37: 6 | D37: 2 | E37: 7 | F37: 1 | G37: 1
A38: RJ | B38: 1 | D38: 5 | E38: 2 | F38: 1 | L38: 1
A39: RN | F39: 2
A40: RO
A41: RR
A42: RS | D42: 1 | F42: 2 | G42: 1 | L42: 1 | M42: 1
A43: SC | D43: 7 | F43: 2 | G43: 2
A44: SE | F44: 2
A45: SP | B45: 12 | C45: 9 | D45: 4 | E45: 1 | F45: 5 | G45: 1 | H45: 1 | L45: 6 | M45: 3
A46: TO
A47: Total | B47: =SUM(B20:B46) -> 15 | C47: =SUM(C20:C46) -> 17 | D47: =SUM(D20:D46) -> 24 | E47: =SUM(E20:E46) -> 12 | F47: =SUM(F20:F46) -> 41 | G47: =SUM(G20:G46) -> 5 | H47: =SUM(H20:H46) -> 1 | I47: =SUM(I20:I46) -> 0 | ... M47: =SUM(M20:M46) -> 6 | N47: =SUM(B47:M47) -> 130

Sheet Dezembro 2018
A1: ACIONAMENTO - NOVEMBRO
A2: Regulador/Seguradora | B2: Argo | C2: AIG | D2: AXA | E2: CHUBB | F2: QBE | G2: FATOR | O2: Total
A3: Caroline | B3: 8 | C3: 5 | D3: 1 | O3: =B3+C3+D3+E3+F3+G3+H3+I3+J3+K3+L3+M3+N3 -> 14 | P3: =O3/$O$14 -> 0.11666667
A4: Everton | B4: 13 | O4: =B4+C4+D4+E4+F4+G4+H4+I4+J4+K4+L4+M4+N4 -> 13 | P4: =O4/$O$14 -> 0.10833333
A5: Karisa | B5: 11 | C5: 3 | D5: 1 | O5: =B5+C5+D5+E5+F5+G5+H5+I5+J5+K5+L5+M5+N5 -> 15 | P5: =O5/$O$14 -> 0.125
A6: Seidy | B6: 12 | C6: 2 | D6: 1 | O6: =B6+C6+D6+E6+F6+G6+H6+I6+J6+K6+L6+M6+N6 -> 15 | P6: =O6/$O$14 -> 0.125
A7: Jéssica Rosa | B7: 12 | C7: 2 | D7: 1 | O7: =B7+C7+D7+E7+F7+G7+H7+I7+J7+K7+L7+M7+N7 -> 15 | P7: =O7/$O$14 -> 0.125
A8: Teresa | B8: 2 | C8: 1 | O8: =B8+C8+D8+E8+F8+G8+H8+I8+J8+K8+L8+M8+N8 -> 3 | P8: =O8/$O$14 -> 0.025
A9: João | B9: 8 | C9: 1 | O9: =B9+C9+D9+E9+F9+G9+H9+I9+J9+K9+L9+M9+N9 -> 9 | P9: =O9/$O$14 -> 0.075
A10: Emilio | B10: 11 | C10: 1 | D10: 3 | O10: =B10+C10+D10+E10+F10+G10+H10+I10+J10+K10+L10+M10+N10 -> 15 | P10: =O10/$O$14 -> 0.125
A11: Ana | B11: 6 | O11: =B11+C11+D11+E11+F11+G11+H11+I11+J11+K11+L11+M11+N11 -> 6 | P11: =O11/$O$14 -> 0.05
A12: Carlos | B12: 11 | C12: 4 | O12: =B12+C12+D12+E12+F12+G12+H12+I12+J12+K12+L12+M12+N12 -> 15 | P12: =O12/$O$14 -> 0.125
A13: Diego | O13: =B13+C13+D13+E13+F13+G13+H13+I13+J13+K13+L13+M13+N13 -> 0 | P13: =O13/$O$14 -> 0
A14: Total | B14: =SUM(B3:B13) -> 94 | C14: =SUM(C3:C13) -> 19 | D14: =SUM(D3:D13) -> 7 | E14: =SUM(E3:E13) -> 0 | F14: =SUM(F3:F13) -> 0 | G14: =SUM(G3:G13) -> 0 | H14: =SUM(H3:H13) -> 0 | I14: =SUM(I3:I13) -> 0 | ... N14: =SUM(N3:N13) -> 0 | O14: =SUM(O2:O13) -> 120 | P14: =SUM(P2:P13) -> 1
A17: Produto | B17: Contador | C17: Corretor | D17: Médico | E17: Dentista | F17: RCPM | G17: Advogado | H17: Despachante | I17: Posto | J17: Cartório | K17: D & O | L17: Turismo | M17: Diversos
A18: Total | B18: =B47 -> 21 | C18: =C47 -> 12 | D18: =D47 -> 18 | E18: =E47 -> 1 | F18: =F47 -> 56 | G18: =G47 -> 1 | H18: =H47 -> 1 | I18: =I47 -> 0 | ... M18: =M47 -> 5
A19: Estado
A20: AC
A21: AL
A22: AM
A23: AP
A24: BA | F24: 3
A25: CE | F25: 7
A26: DF | B26: 1 | F26: 2
A27: ES | B27: 1 | F27: 2
A28: GO | F28: 11
A29: MA
A30: MG | B30: 2 | C30: 1 | F30: 8
A31: MS | F31: 1 | M31: 1
A32: MT | F32: 2
A33: PA | F33: 1
A34: PB | F34: 2
A35: PE
A36: PI
A37: PR | B37: 1 | C37: 1 | D37: 4 | F37: 1
A38: RJ | B38: 3 | D38: 6 | E38: 1 | F38: 4 | L38: 1
A39: RN | F39: 1
A40: RO | F40: 1
A41: RR
A42: RS | B42: 1 | C42: 1 | D42: 1 | F42: 3
A43: SC | D43: 2 | F43: 2
A44: SE
A45: SP | B45: 12 | C45: 9 | D45: 5 | F45: 5 | G45: 1 | H45: 1 | J45: 1 | L45: 3 | M45: 4
A46: TO
A47: Total | B47: =SUM(B20:B46) -> 21 | C47: =SUM(C20:C46) -> 12 | D47: =SUM(D20:D46) -> 18 | E47: =SUM(E20:E46) -> 1 | F47: =SUM(F20:F46) -> 56 | G47: =SUM(G20:G46) -> 1 | H47: =SUM(H20:H46) -> 1 | I47: =SUM(I20:I46) -> 0 | ... M47: =SUM(M20:M46) -> 5 | N47: =SUM(B47:M47) -> 120

Sheet Janeiro 2019
A1: ACIONAMENTO - JANEIRO
A2: Regulador/Seguradora | B2: Argo | C2: AIG | D2: AXA | E2: CHUBB | F2: QBE | G2: FATOR | O2: Total
A3: Caroline | B3: 17 | C3: 1 | D3: 1 | O3: =B3+C3+D3+E3+F3+G3+H3+I3+J3+K3+L3+M3+N3 -> 19 | P3: =O3/$O$13 -> 0.16239316
A4: Everton | B4: 17 | E4: 1 | O4: =B4+C4+D4+E4+F4+G4+H4+I4+J4+K4+L4+M4+N4 -> 18 | P4: =O4/$O$13 -> 0.15384615
A5: Karisa | B5: 4 | O5: =B5+C5+D5+E5+F5+G5+H5+I5+J5+K5+L5+M5+N5 -> 4 | P5: =O5/$O$13 -> 0.034188034
A6: Seidy | B6: 5 | C6: 1 | E6: 1 | O6: =B6+C6+D6+E6+F6+G6+H6+I6+J6+K6+L6+M6+N6 -> 7 | P6: =O6/$O$13 -> 0.05982906
A7: Jéssica Rosa | B7: 2 | D7: 2 | O7: =B7+C7+D7+E7+F7+G7+H7+I7+J7+K7+L7+M7+N7 -> 4 | P7: =O7/$O$13 -> 0.034188034
A8: Teresa | B8: 6 | C8: 6 | G8: 1 | O8: =B8+C8+D8+E8+F8+G8+H8+I8+J8+K8+L8+M8+N8 -> 13 | P8: =O8/$O$13 -> 0.11111111
A9: João | B9: 14 | C9: 3 | O9: =B9+C9+D9+E9+F9+G9+H9+I9+J9+K9+L9+M9+N9 -> 17 | P9: =O9/$O$13 -> 0.14529915
A10: Ana | B10: 8 | C10: 2 | D10: 2 | E10: 1 | F10: 2 | O10: =B10+C10+D10+E10+F10+G10+H10+I10+J10+K10+L10+M10+N10 -> 15 | P10: =O10/$O$13 -> 0.12820513
A11: Carlos | B11: 15 | C11: 3 | D11: 2 | O11: =B11+C11+D11+E11+F11+G11+H11+I11+J11+K11+L11+M11+N11 -> 20 | P11: =O11/$O$13 -> 0.17094017
A12: Diego | O12: =B12+C12+D12+E12+F12+G12+H12+I12+J12+K12+L12+M12+N12 -> 0 | P12: =O12/$O$13 -> 0
A13: Total | B13: =SUM(B3:B12) -> 88 | C13: =SUM(C3:C12) -> 16 | D13: =SUM(D3:D12) -> 7 | E13: =SUM(E3:E12) -> 3 | F13: =SUM(F3:F12) -> 2 | G13: =SUM(G3:G12) -> 1 | H13: =SUM(H3:H12) -> 0 | I13: =SUM(I3:I12) -> 0 | ... N13: =SUM(N3:N12) -> 0 | O13: =SUM(O2:O12) -> 117 | P13: =SUM(P2:P12) -> 1
A16: Produto | B16: Contador | C16: Corretor | D16: Médico | E16: Dentista | F16: RCPM | G16: Advogado | H16: Despachante | I16: Posto | J16: Cartório | K16: D & O | L16: Turismo | M16: Diversos
A17: Total | B17: =B46 -> 11 | C17: =C46 -> 11 | D17: =D46 -> 11 | E17: =E46 -> 5 | F17: =F46 -> 63 | G17: =G46 -> 3 | H17: =H46 -> 2 | I17: =I46 -> 0 | ... M17: =M46 -> 7
A18: Estado
A19: AC
A20: AL
A21: AM
A22: AP
A23: BA | F23: 5
A24: CE | F24: 4
A25: DF | M25: 1
A26: ES | B26: 1 | E26: 1 | F26: 1
A27: GO | C27: 1 | F27: 16
A28: MA
A29: MG | B29: 1 | C29: 1 | F29: 11
A30: MS | C30: 1 | F30: 1
A31: MT | F31: 1
A32: PA | F32: 1 | G32: 1
A33: PB | F33: 2
A34: PE | F34: 1
A35: PI | F35: 1
A36: PR | C36: 1 | D36: 1 | E36: 1 | F36: 2
A37: RJ | B37: 3 | D37: 2 | F37: 3 | L37: 2 | M37: 2
A38: RN | F38: 1
A39: RO | F39: 1
A40: RR
A41: RS
A42: SC | E42: 2 | F42: 4 | G42: 2 | H42: 2 | M42: 1
A43: SE | D43: 2 | F43: 2
A44: SP | B44: 6 | C44: 7 | D44: 6 | E44: 1 | F44: 6 | J44: 1 | L44: 1 | M44: 3
A45: TO
A46: Total | B46: =SUM(B19:B45) -> 11 | C46: =SUM(C19:C45) -> 11 | D46: =SUM(D19:D45) -> 11 | E46: =SUM(E19:E45) -> 5 | F46: =SUM(F19:F45) -> 63 | G46: =SUM(G19:G45) -> 3 | H46: =SUM(H19:H45) -> 2 | I46: =SUM(I19:I45) -> 0 | ... M46: =SUM(M19:M45) -> 7 | N46: =SUM(B46:M46) -> 117

Sheet Fevereiro 2019
A1: ACIONAMENTO - FEVEREIRO
A2: Regulador/Seguradora | B2: Argo | C2: AIG | D2: AXA | E2: CHUBB | F2: QBE | G2: FATOR | O2: Total
A3: Teresa | B3: 7 | C3: 5 | D3: 1 | F3: 1 | O3: =B3+C3+D3+E3+F3+G3+H3+I3+J3+K3+L3 -> 14 | P3: =O3/$O$13 -> 0.14583333
A4: João | B4: 11 | C4: 1 | D4: 1 | F4: 1 | O4: =B4+C4+D4+E4+F4+G4+H4+I4+J4+K4+L4 -> 14 | P4: =O4/$O$13 -> 0.14583333
A5: Ana | B5: 7 | C5: 1 | D5: 2 | F5: 1 | G5: 1 | O5: =B5+C5+D5+E5+F5+G5+H5+I5+J5+K5+L5 -> 12 | P5: =O5/$O$13 -> 0.125
A6: Carlos | B6: 9 | C6: 2 | D6: 1 | E6: 1 | O6: =B6+C6+D6+E6+F6+G6+H6+I6+J6+K6+L6 -> 13 | P6: =O6/$O$13 -> 0.13541667
A7: Carol | B7: 3 | D7: 1 | O7: =B7+C7+D7+E7+F7+G7+H7+I7+J7+K7+L7 -> 4 | P7: =O7/$O$13 -> 0.041666667
A8: Everton | B8: 11 | C8: 1 | D8: 1 | O8: =B8+C8+D8+E8+F8+G8+H8+I8+J8+K8+L8 -> 13 | P8: =O8/$O$13 -> 0.13541667
A9: Karisa | B9: 8 | C9: 3 | D9: 2 | O9: =B9+C9+D9+E9+F9+G9+H9+I9+J9+K9+L9 -> 13 | P9: =O9/$O$13 -> 0.13541667
A10: Seidy | B10: 9 | C10: 1 | D10: 2 | F10: 1 | O10: =B10+C10+D10+E10+F10+G10+H10+I10+J10+K10+L10 -> 13 | P10: =O10/$O$13 -> 0.13541667
A11: Jéssica Rosa | O11: =B11+C11+D11+E11+F11+G11+H11+I11+J11+K11+L11 -> 0 | P11: =O11/$O$13 -> 0
A12: Diego | O12: =B12+C12+D12+E12+F12+G12+H12+I12+J12+K12+L12 -> 0 | P12: =O12/$O$13 -> 0
A13: Total | B13: =SUM(B3:B12) -> 65 | C13: =SUM(C3:C12) -> 14 | D13: =SUM(D3:D12) -> 11 | E13: =SUM(E3:E12) -> 1 | F13: =SUM(F3:F12) -> 4 | G13: =SUM(G3:G12) -> 1 | H13: =SUM(H3:H12) -> 0 | I13: =SUM(I3:I12) -> 0 | ... O13: =SUM(O3:O12) -> 96 | P13: =SUM(P2:P12) -> 1
A16: Produto | B16: Contador | C16: Corretor | D16: Médico | E16: Dentista | F16: RCPM | G16: Advogado | H16: Despachante | I16: Posto | J16: Cartório | K16: D & O | L16: Turismo | M16: Diversos
A17: Total | B17: =B46 -> 21 | C17: =C46 -> 13 | D17: =D46 -> 23 | E17: =E46 -> 8 | F17: =F46 -> 10 | G17: =G46 -> 7 | H17: =H46 -> 0 | I17: =I46 -> 0 | ... M17: =M46 -> 8
A18: Estado
A19: AC | C19: 1
A20: AL
A21: AM
A22: AP
A23: BA | F23: 1
A24: CE
A25: DF
A26: ES | B26: 2 | E26: 1 | L26: 1
A27: GO | F27: 2
A28: MA
A29: MG | B29: 2 | C29: 2 | F29: 4 | L29: 1
A30: MS | C30: 1 | D30: 6
A31: MT | E31: 1
A32: PA
A33: PB | F33: 1
A34: PE | D34: 1
A35: PI
A36: PR | C36: 1 | D36: 1 | E36: 1 | F36: 1 | G36: 1 | M36: 1
A37: RJ | C37: 2 | D37: 2 | E37: 2 | L37: 1
A38: RN
A39: RO | F39: 1
A40: RR
A41: RS | B41: 2 | D41: 1 | M41: 3
A42: SC | B42: 2 | D42: 1 | G42: 4
A43: SE
A44: SP | B44: 13 | C44: 6 | D44: 11 | E44: 3 | G44: 2 | J44: 1 | L44: 2 | M44: 4
A45: TO
A46: Total | B46: =SUM(B19:B45) -> 21 | C46: =SUM(C19:C45) -> 13 | D46: =SUM(D19:D45) -> 23 | E46: =SUM(E19:E45) -> 8 | F46: =SUM(F19:F45) -> 10 | G46: =SUM(G19:G45) -> 7 | H46: =SUM(H19:H45) -> 0 | I46: =SUM(I19:I45) -> 0 | ... M46: =SUM(M19:M45) -> 8 | N46: =SUM(B46:M46) -> 96

Sheet Março 2019
A1: ACIONAMENTO - MARÇO
A2: Regulador/Seguradora | B2: Argo | C2: AIG | D2: AXA | E2: CHUBB | F2: QBE | G2: FATOR | O2: Total
A3: Carlos | B3: 10 | C3: 1 | D3: 1 | O3: =B3+C3+D3+E3+F3+G3+H3+I3+J3+K3+L3 -> 12 | P3: =O3/$O$13 -> 0.14285714
A4: Carol | B4: 9 | C4: 1 | D4: 1 | O4: =B4+C4+D4+E4+F4+G4+H4+I4+J4+K4+L4 -> 11 | P4: =O4/$O$13 -> 0.13095238
A5: Everton | B5: 8 | O5: =B5+C5+D5+E5+F5+G5+H5+I5+J5+K5+L5 -> 8 | P5: =O5/$O$13 -> 0.095238095
A6: Karisa | B6: 10 | C6: 1 | D6: 1 | O6: =B6+C6+D6+E6+F6+G6+H6+I6+J6+K6+L6 -> 12 | P6: =O6/$O$13 -> 0.14285714
A7: Seidy | B7: 10 | D7: 1 | O7: =B7+C7+D7+E7+F7+G7+H7+I7+J7+K7+L7 -> 11 | P7: =O7/$O$13 -> 0.13095238
A8: Teresa | B8: 7 | C8: 2 | D8: 1 | O8: =B8+C8+D8+E8+F8+G8+H8+I8+J8+K8+L8 -> 10 | P8: =O8/$O$13 -> 0.11904762
A9: João | B9: 9 | D9: 1 | O9: =B9+C9+D9+E9+F9+G9+H9+I9+J9+K9+L9 -> 10 | P9: =O9/$O$13 -> 0.11904762
A10: Ana | C10: 3 | D10: 3 | E10: 3 | G10: 1 | O10: =B10+C10+D10+E10+F10+G10+H10+I10+J10+K10+L10 -> 10 | P10: =O10/$O$13 -> 0.11904762
A11: Jéssica Rosa | O11: =B11+C11+D11+E11+F11+G11+H11+I11+J11+K11+L11 -> 0 | P11: =O11/$O$13 -> 0
A12: Diego | O12: =B12+C12+D12+E12+F12+G12+H12+I12+J12+K12+L12 -> 0 | P12: =O12/$O$13 -> 0
A13: Total | B13: =SUM(B3:B12) -> 63 | C13: =SUM(C3:C12) -> 8 | D13: =SUM(D3:D12) -> 9 | E13: =SUM(E3:E12) -> 3 | F13: =SUM(F3:F12) -> 0 | G13: =SUM(G3:G12) -> 1 | H13: =SUM(H3:H12) -> 0 | I13: =SUM(I3:I12) -> 0 | ... O13: =SUM(O3:O12) -> 84 | P13: =SUM(P2:P12) -> 1
A16: Produto | B16: Contador | C16: Corretor | D16: Médico | E16: Dentista | F16: RCPM | G16: Advogado | H16: Despachante | I16: Posto | J16: Cartório | K16: D & O | L16: Turismo | M16: Diversos
A17: Total | B17: =B46 -> 14 | C17: =C46 -> 18 | D17: =D46 -> 28 | E17: =E46 -> 2 | F17: =F46 -> 0 | G17: =G46 -> 9 | H17: =H46 -> 2 | I17: =I46 -> 0 | ... M17: =M46 -> 8
A18: Estado
A19: AC
A20: AL | D20: 1
A21: AM | B21: 1
A22: AP
A23: BA | C23: 1
A24: CE
A25: DF | C25: 1 | G25: 1
A26: ES | D26: 2
A27: GO | M27: 1
A28: MA
A29: MG | C29: 7 | G29: 1 | M29: 1
A30: MS | D30: 1
A31: MT
A32: PA
A33: PB
A34: PE
A35: PI
A36: PR | B36: 1 | D36: 2 | E36: 2 | G36: 2 | H36: 2 | M36: 1
A37: RJ | B37: 1 | D37: 10 | G37: 1
A38: RN
A39: RO | M39: 1
A40: RR
A41: RS | C41: 2
A42: SC | C42: 1 | D42: 3 | G42: 1 | M42: 1
A43: SE
A44: SP | B44: 11 | C44: 6 | D44: 9 | G44: 3 | J44: 3 | M44: 3
A45: TO
A46: Total | B46: =SUM(B19:B45) -> 14 | C46: =SUM(C19:C45) -> 18 | D46: =SUM(D19:D45) -> 28 | E46: =SUM(E19:E45) -> 2 | F46: =SUM(F19:F45) -> 0 | G46: =SUM(G19:G45) -> 9 | H46: =SUM(H19:H45) -> 2 | I46: =SUM(I19:I45) -> 0 | ... M46: =SUM(M19:M45) -> 8 | N46: =SUM(B46:M46) -> 84

Sheet Abril 2019
A1: ACIONAMENTO - ABRIL
A2: Regulador/Seguradora | B2: Argo | C2: AIG | D2: AXA | E2: CHUBB | F2: QBE | G2: FATOR | O2: Total
A3: Carlos | B3: 6 | E3: 1 | O3: =B3+C3+D3+E3+F3+G3+H3+I3+J3+K3+L3 -> 7 | P3: =O3/$O$13 -> 0.085365854
A4: Carol | B4: 10 | C4: 2 | D4: 1 | O4: =B4+C4+D4+E4+F4+G4+H4+I4+J4+K4+L4 -> 13 | P4: =O4/$O$13 -> 0.15853659
A5: Everton | B5: 5 | O5: =B5+C5+D5+E5+F5+G5+H5+I5+J5+K5+L5 -> 5 | P5: =O5/$O$13 -> 0.06097561
A6: Karisa | B6: 12 | C6: 1 | O6: =B6+C6+D6+E6+F6+G6+H6+I6+J6+K6+L6 -> 13 | P6: =O6/$O$13 -> 0.15853659
A7: Seidy | B7: 10 | C7: 2 | O7: =B7+C7+D7+E7+F7+G7+H7+I7+J7+K7+L7 -> 12 | P7: =O7/$O$13 -> 0.14634146
A8: Teresa | B8: 7 | C8: 5 | O8: =B8+C8+D8+E8+F8+G8+H8+I8+J8+K8+L8 -> 12 | P8: =O8/$O$13 -> 0.14634146
A9: João | B9: 8 | C9: 2 | D9: 1 | O9: =B9+C9+D9+E9+F9+G9+H9+I9+J9+K9+L9 -> 11 | P9: =O9/$O$13 -> 0.13414634
A10: Ana | C10: 5 | F10: 4 | O10: =B10+C10+D10+E10+F10+G10+H10+I10+J10+K10+L10 -> 9 | P10: =O10/$O$13 -> 0.1097561
A11: Jéssica Rosa | O11: =B11+C11+D11+E11+F11+G11+H11+I11+J11+K11+L11 -> 0 | P11: =O11/$O$13 -> 0
A12: Diego | O12: =B12+C12+D12+E12+F12+G12+H12+I12+J12+K12+L12 -> 0 | P12: =O12/$O$13 -> 0
A13: Total | B13: =SUM(B3:B12) -> 58 | C13: =SUM(C3:C12) -> 17 | D13: =SUM(D3:D12) -> 2 | E13: =SUM(E3:E12) -> 1 | F13: =SUM(F3:F12) -> 4 | G13: =SUM(G3:G12) -> 0 | H13: =SUM(H3:H12) -> 0 | I13: =SUM(I3:I12) -> 0 | ... O13: =SUM(O3:O12) -> 82 | P13: =SUM(P2:P12) -> 1
A16: Produto | B16: Contador | C16: Corretor | D16: Médico | E16: Dentista | F16: RCPM | G16: Advogado | H16: Despachante | I16: Posto | J16: Cartório | K16: D & O | L16: Turismo | M16: Diversos
A17: Total | B17: =B46 -> 16 | C17: =C46 -> 15 | D17: =D46 -> 26 | E17: =E46 -> 5 | F17: =F46 -> 0 | G17: =G46 -> 2 | H17: =H46 -> 0 | I17: =I46 -> 0 | ... M17: =M46 -> 8
A18: Estado
A19: AC
A20: AL
A21: AM
A22: AP
A23: BA | D23: 1
A24: CE
A25: DF | D25: 1 | E25: 1
A26: ES | B26: 1 | L26: 1
A27: GO | J27: 1
A28: MA
A29: MG | B29: 3 | C29: 2 | M29: 1
A30: MS | D30: 1
A31: MT | B31: 1
A32: PA
A33: PB
A34: PE
A35: PI
A36: PR | C36: 1 | D36: 1
A37: RJ | D37: 12 | E37: 1 | G37: 1 | L37: 4 | M37: 1
A38: RN | C38: 1
A39: RO | B39: 1
A40: RR | D40: 1
A41: RS | C41: 1 | D41: 1
A42: SC | C42: 1 | D42: 3 | G42: 1
A43: SE | B43: 1 | D43: 1
A44: SP | B44: 9 | C44: 9 | D44: 4 | E44: 3 | J44: 3 | L44: 1 | M44: 6
A45: TO
A46: Total | B46: =SUM(B19:B45) -> 16 | C46: =SUM(C19:C45) -> 15 | D46: =SUM(D19:D45) -> 26 | E46: =SUM(E19:E45) -> 5 | F46: =SUM(F19:F45) -> 0 | G46: =SUM(G19:G45) -> 2 | H46: =SUM(H19:H45) -> 0 | I46: =SUM(I19:I45) -> 0 | ... M46: =SUM(M19:M45) -> 8 | N46: =SUM(B46:M46) -> 82

Sheet Maio 2019
A1: ACIONAMENTO - MAIO
A2: Regulador/Seguradora | B2: Argo | C2: AIG | D2: AXA | E2: CHUBB | F2: QBE | G2: FATOR | O2: Total
A3: Carlos | B3: 9 | C3: 1 | E3: 1 | F3: 1 | O3: =B3+C3+D3+E3+F3+G3+H3+I3+J3+K3+L3 -> 12 | P3: =O3/$O$13 -> 0.14457831
A4: Carol | B4: 9 | C4: 2 | E4: 1 | O4: =B4+C4+D4+E4+F4+G4+H4+I4+J4+K4+L4 -> 12 | P4: =O4/$O$13 -> 0.14457831
A5: Everton | B5: 4 | O5: =B5+C5+D5+E5+F5+G5+H5+I5+J5+K5+L5 -> 4 | P5: =O5/$O$13 -> 0.048192771
A6: Karisa | B6: 6 | C6: 3 | O6: =B6+C6+D6+E6+F6+G6+H6+I6+J6+K6+L6 -> 9 | P6: =O6/$O$13 -> 0.10843373
A7: Seidy | B7: 9 | C7: 1 | O7: =B7+C7+D7+E7+F7+G7+H7+I7+J7+K7+L7 -> 10 | P7: =O7/$O$13 -> 0.12048193
A8: Teresa | B8: 9 | C8: 5 | O8: =B8+C8+D8+E8+F8+G8+H8+I8+J8+K8+L8 -> 14 | P8: =O8/$O$13 -> 0.1686747
A9: João | B9: 6 | C9: 1 | E9: 2 | F9: 1 | O9: =B9+C9+D9+E9+F9+G9+H9+I9+J9+K9+L9 -> 10 | P9: =O9/$O$13 -> 0.12048193
A10: Ana | B10: 4 | C10: 2 | D10: 1 | E10: 2 | F10: 2 | O10: =B10+C10+D10+E10+F10+G10+H10+I10+J10+K10+L10 -> 11 | P10: =O10/$O$13 -> 0.13253012
A11: Jéssica Rosa | O11: =B11+C11+D11+E11+F11+G11+H11+I11+J11+K11+L11 -> 0 | P11: =O11/$O$13 -> 0
A12: Diego | C12: 1 | O12: =B12+C12+D12+E12+F12+G12+H12+I12+J12+K12+L12 -> 1 | P12: =O12/$O$13 -> 0.012048193
A13: Total | B13: =SUM(B3:B12) -> 56 | C13: =SUM(C3:C12) -> 16 | D13: =SUM(D3:D12) -> 1 | E13: =SUM(E3:E12) -> 6 | F13: =SUM(F3:F12) -> 4 | G13: =SUM(G3:G12) -> 0 | H13: =SUM(H3:H12) -> 0 | I13: =SUM(I3:I12) -> 0 | ... O13: =SUM(O3:O12) -> 83 | P13: =SUM(P2:P12) -> 1
A16: Produto | B16: Contador | C16: Corretor | D16: Médico | E16: Dentista | F16: RCPM | G16: Advogado | H16: Despachante | I16: Posto | J16: Cartório | K16: D & O | L16: Turismo | M16: Diversos
A17: Total | B17: =B46 -> 13 | C17: =C46 -> 20 | D17: =D46 -> 25 | E17: =E46 -> 4 | F17: =F46 -> 0 | G17: =G46 -> 3 | H17: =H46 -> 1 | I17: =I46 -> 0 | ... M17: =M46 -> 7
A18: Estado
A19: AC
A20: AL
A21: AM | G21: 1
A22: AP
A23: BA | C23: 1 | M23: 1
A24: CE
A25: DF | B25: 1
A26: ES | E26: 1 | L26: 1
A27: GO
A28: MA
A29: MG | B29: 3 | C29: 5 | D29: 2 | M29: 1
A30: MS | D30: 2
A31: MT | D31: 1
A32: PA
A33: PB
A34: PE
A35: PI
A36: PR | B36: 1 | D36: 1 | E36: 1
A37: RJ | D37: 6 | E37: 2
A38: RN | D38: 2
A39: RO | D39: 1
A40: RR
A41: RS | B41: 1 | C41: 3 | L41: 1 | M41: 1
A42: SC | B42: 1 | D42: 4 | G42: 1 | L42: 1
A43: SE
A44: SP | B44: 6 | C44: 11 | D44: 6 | G44: 1 | H44: 1 | J44: 1 | L44: 6 | M44: 4
A45: TO
A46: Total | B46: =SUM(B19:B45) -> 13 | C46: =SUM(C19:C45) -> 20 | D46: =SUM(D19:D45) -> 25 | E46: =SUM(E19:E45) -> 4 | F46: =SUM(F19:F45) -> 0 | G46: =SUM(G19:G45) -> 3 | H46: =SUM(H19:H45) -> 1 | I46: =SUM(I19:I45) -> 0 | ... M46: =SUM(M19:M45) -> 7 | N46: =SUM(B46:M46) -> 83

Sheet Junho 2019
A1: ACIONAMENTO - MAIO
A2: Regulador/Seguradora | B2: Argo | C2: AIG | D2: AXA | E2: CHUBB | F2: QBE | G2: FATOR | O2: Total
A3: Carlos | B3: 5 | O3: =B3+C3+D3+E3+F3+G3+H3+I3+J3+K3+L3 -> 5 | P3: =O3/$O$13 -> 0.090909091
A4: Carol | B4: 5 | C4: 4 | O4: =B4+C4+D4+E4+F4+G4+H4+I4+J4+K4+L4 -> 9 | P4: =O4/$O$13 -> 0.16363636
A5: Everton | B5: 4 | C5: 2 | O5: =B5+C5+D5+E5+F5+G5+H5+I5+J5+K5+L5 -> 6 | P5: =O5/$O$13 -> 0.10909091
A6: Karisa | B6: 5 | O6: =B6+C6+D6+E6+F6+G6+H6+I6+J6+K6+L6 -> 5 | P6: =O6/$O$13 -> 0.090909091
A7: Seidy | B7: 2 | O7: =B7+C7+D7+E7+F7+G7+H7+I7+J7+K7+L7 -> 2 | P7: =O7/$O$13 -> 0.036363636
A8: Teresa | B8: 4 | C8: 4 | O8: =B8+C8+D8+E8+F8+G8+H8+I8+J8+K8+L8 -> 8 | P8: =O8/$O$13 -> 0.14545455
A9: João | B9: 7 | C9: 2 | O9: =B9+C9+D9+E9+F9+G9+H9+I9+J9+K9+L9 -> 9 | P9: =O9/$O$13 -> 0.16363636
A10: Ana | B10: 2 | C10: 1 | F10: 1 | O10: =B10+C10+D10+E10+F10+G10+H10+I10+J10+K10+L10 -> 4 | P10: =O10/$O$13 -> 0.072727273
A11: Jéssica Rosa | B11: 6 | D11: 1 | O11: =B11+C11+D11+E11+F11+G11+H11+I11+J11+K11+L11 -> 7 | P11: =O11/$O$13 -> 0.12727273
A12: Diego | O12: =B12+C12+D12+E12+F12+G12+H12+I12+J12+K12+L12 -> 0 | P12: =O12/$O$13 -> 0
A13: Total | B13: =SUM(B3:B12) -> 40 | C13: =SUM(C3:C12) -> 13 | D13: =SUM(D3:D12) -> 1 | E13: =SUM(E3:E12) -> 0 | F13: =SUM(F3:F12) -> 1 | G13: =SUM(G3:G12) -> 0 | H13: =SUM(H3:H12) -> 0 | I13: =SUM(I3:I12) -> 0 | ... O13: =SUM(O3:O12) -> 55 | P13: =SUM(P2:P12) -> 1
A16: Produto | B16: Contador | C16: Corretor | D16: Médico | E16: Dentista | F16: RCPM | G16: Advogado | H16: Despachante | I16: Posto | J16: Cartório | K16: D & O | L16: Turismo | M16: Diversos
A17: Total | B17: =B46 -> 11 | C17: =C46 -> 8 | D17: =D46 -> 19 | E17: =E46 -> 3 | F17: =F46 -> 0 | G17: =G46 -> 1 | H17: =H46 -> 0 | I17: =I46 -> 1 | ... M17: =M46 -> 5
A18: Estado
A19: AC
A20: AL
A21: AM
A22: AP
A23: BA | C23: 1
A24: CE | B24: 1
A25: DF | B25: 1
A26: ES | C26: 1
A27: GO
A28: MA
A29: MG
A30: MS | B30: 1 | D30: 1 | L30: 1
A31: MT
A32: PA
A33: PB
A34: PE
A35: PI
A36: PR | C36: 1 | E36: 1
A37: RJ | D37: 5 | J37: 1 | L37: 1
A38: RN
A39: RO | G39: 1
A40: RR
A41: RS | B41: 1 | M41: 1
A42: SC | B42: 1 | D42: 2 | M42: 1
A43: SE
A44: SP | B44: 6 | C44: 5 | D44: 11 | E44: 2 | I44: 1 | J44: 2 | L44: 2 | M44: 3
A45: TO
A46: Total | B46: =SUM(B19:B45) -> 11 | C46: =SUM(C19:C45) -> 8 | D46: =SUM(D19:D45) -> 19 | E46: =SUM(E19:E45) -> 3 | F46: =SUM(F19:F45) -> 0 | G46: =SUM(G19:G45) -> 1 | H46: =SUM(H19:H45) -> 0 | I46: =SUM(I19:I45) -> 1 | ... M46: =SUM(M19:M45) -> 5 | N46: =SUM(B46:M46) -> 55

Sheet Julho 2019
A1: ACIONAMENTO - MAIO
A2: Regulador/Seguradora | B2: Argo | C2: AIG | D2: AXA | E2: CHUBB | F2: QBE | G2: FATOR | O2: Total
A3: Carlos | B3: 6 | C3: 1 | O3: =B3+C3+D3+E3+F3+G3+H3+I3+J3+K3+L3 -> 7 | P3: =O3/$O$13 -> 0.1147541
A4: Carol | B4: 7 | C4: 2 | O4: =B4+C4+D4+E4+F4+G4+H4+I4+J4+K4+L4 -> 9 | P4: =O4/$O$13 -> 0.14754098
A5: Everton | B5: 2 | O5: =B5+C5+D5+E5+F5+G5+H5+I5+J5+K5+L5 -> 2 | P5: =O5/$O$13 -> 0.032786885
A6: Karisa | B6: 7 | C6: 1 | D6: 1 | O6: =B6+C6+D6+E6+F6+G6+H6+I6+J6+K6+L6 -> 9 | P6: =O6/$O$13 -> 0.14754098
A7: Seidy | B7: 8 | C7: 1 | O7: =B7+C7+D7+E7+F7+G7+H7+I7+J7+K7+L7 -> 9 | P7: =O7/$O$13 -> 0.14754098
A8: Teresa | B8: 6 | C8: 2 | E8: 1 | O8: =B8+C8+D8+E8+F8+G8+H8+I8+J8+K8+L8 -> 9 | P8: =O8/$O$13 -> 0.14754098
A9: João | B9: 5 | O9: =B9+C9+D9+E9+F9+G9+H9+I9+J9+K9+L9 -> 5 | P9: =O9/$O$13 -> 0.081967213
A10: Ana | O10: =B10+C10+D10+E10+F10+G10+H10+I10+J10+K10+L10 -> 0 | P10: =O10/$O$13 -> 0
A11: Jéssica Rosa | B11: 8 | E11: 1 | O11: =B11+C11+D11+E11+F11+G11+H11+I11+J11+K11+L11 -> 9 | P11: =O11/$O$13 -> 0.14754098
A12: Diego | B12: 1 | C12: 1 | O12: =B12+C12+D12+E12+F12+G12+H12+I12+J12+K12+L12 -> 2 | P12: =O12/$O$13 -> 0.032786885
A13: Total | B13: =SUM(B3:B12) -> 50 | C13: =SUM(C3:C12) -> 8 | D13: =SUM(D3:D12) -> 1 | E13: =SUM(E3:E12) -> 2 | F13: =SUM(F3:F12) -> 0 | G13: =SUM(G3:G12) -> 0 | H13: =SUM(H3:H12) -> 0 | I13: =SUM(I3:I12) -> 0 | ... O13: =SUM(O3:O12) -> 61 | P13: =SUM(P2:P12) -> 1
A16: Produto | B16: Contador | C16: Corretor | D16: Médico | E16: Dentista | F16: RCPM | G16: Advogado | H16: Despachante | I16: Posto | J16: Cartório | K16: D & O | L16: Turismo | M16: Diversos
A17: Total | B17: =B46 -> 8 | C17: =C46 -> 12 | D17: =D46 -> 20 | E17: =E46 -> 8 | F17: =F46 -> 0 | G17: =G46 -> 0 | H17: =H46 -> 0 | I17: =I46 -> 2 | ... M17: =M46 -> 9
A18: Estado
A19: AC
A20: AL
A21: AM
A22: AP
A23: BA
A24: CE
A25: DF | C25: 1
A26: ES
A27: GO
A28: MA | M28: 1
A29: MG | C29: 2
A30: MS | D30: 1
A31: MT
A32: PA
A33: PB
A34: PE
A35: PI
A36: PR | C36: 2 | E36: 2
A37: RJ | B37: 2 | D37: 7 | E37: 3
A38: RN
A39: RO | E39: 1
A40: RR
A41: RS | D41: 1
A42: SC | C42: 1 | D42: 5 | E42: 1 | M42: 2
A43: SE
A44: SP | B44: 6 | C44: 6 | D44: 6 | E44: 1 | I44: 2 | L44: 2 | M44: 6
A45: TO
A46: Total | B46: =SUM(B19:B45) -> 8 | C46: =SUM(C19:C45) -> 12 | D46: =SUM(D19:D45) -> 20 | E46: =SUM(E19:E45) -> 8 | F46: =SUM(F19:F45) -> 0 | G46: =SUM(G19:G45) -> 0 | H46: =SUM(H19:H45) -> 0 | I46: =SUM(I19:I45) -> 2 | ... M46: =SUM(M19:M45) -> 9 | N46: =SUM(B46:M46) -> 61

Sheet Agosto 2019
A1: ACIONAMENTO - MAIO
A2: Regulador/Seguradora | B2: Argo | C2: AIG | D2: AXA | E2: CHUBB | F2: QBE | G2: FATOR | O2: Total
A3: Carlos | B3: 8 | C3: 5 | O3: =B3+C3+D3+E3+F3+G3+H3+I3+J3+K3+L3 -> 13 | P3: =O3/$O$12 -> 0.14130435
A4: Carol | B4: 4 | C4: 9 | O4: =B4+C4+D4+E4+F4+G4+H4+I4+J4+K4+L4 -> 13 | P4: =O4/$O$12 -> 0.14130435
A5: Everton | B5: 4 | O5: =B5+C5+D5+E5+F5+G5+H5+I5+J5+K5+L5 -> 4 | P5: =O5/$O$12 -> 0.043478261
A6: Karisa | B6: 8 | C6: 1 | O6: =B6+C6+D6+E6+F6+G6+H6+I6+J6+K6+L6 -> 9 | P6: =O6/$O$12 -> 0.097826087
A7: Seidy | B7: 8 | C7: 3 | D7: 1 | O7: =B7+C7+D7+E7+F7+G7+H7+I7+J7+K7+L7 -> 12 | P7: =O7/$O$12 -> 0.13043478
A8: Teresa | B8: 8 | C8: 5 | D8: 1 | O8: =B8+C8+D8+E8+F8+G8+H8+I8+J8+K8+L8 -> 14 | P8: =O8/$O$12 -> 0.15217391
A9: João | B9: 5 | C9: 3 | O9: =B9+C9+D9+E9+F9+G9+H9+I9+J9+K9+L9 -> 8 | P9: =O9/$O$12 -> 0.086956522
A10: Jéssica Rosa | B10: 6 | C10: 2 | D10: 2 | O10: =B10+C10+D10+E10+F10+G10+H10+I10+J10+K10+L10 -> 10 | P10: =O10/$O$12 -> 0.10869565
A11: Diego | B11: 6 | C11: 3 | O11: =B11+C11+D11+E11+F11+G11+H11+I11+J11+K11+L11 -> 9 | P11: =O11/$O$12 -> 0.097826087
A12: Total | B12: =SUM(B3:B11) -> 57 | C12: =SUM(C3:C11) -> 31 | D12: =SUM(D3:D11) -> 4 | E12: =SUM(E3:E11) -> 0 | F12: =SUM(F3:F11) -> 0 | G12: =SUM(G3:G11) -> 0 | H12: =SUM(H3:H11) -> 0 | I12: =SUM(I3:I11) -> 0 | ... O12: =SUM(O3:O11) -> 92 | P12: =SUM(P2:P11) -> 1
A15: Produto | B15: Contador | C15: Corretor | D15: Médico | E15: Dentista | F15: RCPM | G15: Advogado | H15: Despachante | I15: Posto | J15: Cartório | K15: D & O | L15: Turismo | M15: Diversos
A16: Total | B16: =B45 -> 29 | C16: =C45 -> 20 | D16: =D45 -> 20 | E16: =E45 -> 3 | F16: =F45 -> 0 | G16: =G45 -> 5 | H16: =H45 -> 0 | I16: =I45 -> 0 | ... M16: =M45 -> 9
A17: Estado
A18: AC
A19: AL
A20: AM | B20: 1
A21: AP
A22: BA
A23: CE
A24: DF | B24: 1
A25: ES
A26: GO | C26: 1 | L26: 1 | M26: 2
A27: MA
A28: MG | B28: 2 | L28: 1 | M28: 1
A29: MS | D29: 2 | E29: 1
A30: MT | B30: 3
A31: PA
A32: PB
A33: PE | B33: 1
A34: PI
A35: PR | B35: 1 | C35: 3 | D35: 1 | J35: 1
A36: RJ | B36: 2 | C36: 3 | D36: 5 | E36: 1 | G36: 1 | M36: 2
A37: RN
A38: RO
A39: RR
A40: RS | B40: 7 | D40: 1 | E40: 1
A41: SC | C41: 1 | D41: 4 | G41: 2
A42: SE | B42: 1 | C42: 1 | D42: 1
A43: SP | B43: 10 | C43: 11 | D43: 6 | G43: 2 | J43: 2 | L43: 1 | M43: 4
A44: TO
A45: Total | B45: =SUM(B18:B44) -> 29 | C45: =SUM(C18:C44) -> 20 | D45: =SUM(D18:D44) -> 20 | E45: =SUM(E18:E44) -> 3 | F45: =SUM(F18:F44) -> 0 | G45: =SUM(G18:G44) -> 5 | H45: =SUM(H18:H44) -> 0 | I45: =SUM(I18:I44) -> 0 | ... M45: =SUM(M18:M44) -> 9 | N45: =SUM(B45:M45) -> 92

Sheet Setembro 2019
A4: ACIONAMENTO - MAIO
A5: Regulador/Seguradora | B5: Argo | C5: AIG | D5: AXA | E5: CHUBB | F5: QBE | G5: FATOR | O5: Total
A6: Carlos | B6: 10 | C6: 2 | D6: 1 | O6: =B6+C6+D6+E6+F6+G6+H6+I6+J6+K6+L6 -> 13 | P6: =O6/$O$12 -> 1.4444444
A7: Carol | B7: 5 | C7: 2 | O7: =B7+C7+D7+E7+F7+G7+H7+I7+J7+K7+L7 -> 7 | P7: =O7/$O$12 -> 0.77777778
A8: Everton | B8: 7 | C8: 1 | D8: 1 | O8: =B8+C8+D8+E8+F8+G8+H8+I8+J8+K8+L8 -> 9 | P8: =O8/$O$12 -> 1
A9: Karisa | B9: 3 | C9: 3 | D9: 1 | O9: =B9+C9+D9+E9+F9+G9+H9+I9+J9+K9+L9 -> 7 | P9: =O9/$O$12 -> 0.77777778
A10: Seidy | B10: 6 | C10: 1 | G10: 2 | O10: =B10+C10+D10+E10+F10+G10+H10+I10+J10+K10+L10 -> 9 | P10: =O10/$O$12 -> 1
A11: Teresa | B11: 4 | C11: 3 | D11: 1 | O11: =B11+C11+D11+E11+F11+G11+H11+I11+J11+K11+L11 -> 8 | P11: =O11/$O$12 -> 0.88888889
A12: João | B12: 7 | C12: 2 | O12: =B12+C12+D12+E12+F12+G12+H12+I12+J12+K12+L12 -> 9 | P12: =O12/$O$12 -> 1
A13: Jéssica Rosa | B13: 5 | C13: 1 | F13: 1 | O13: =B13+C13+D13+E13+F13+G13+H13+I13+J13+K13+L13 -> 7 | P13: =O13/$O$12 -> 0.77777778
A14: Diego | B14: 5 | C14: 2 | O14: =B14+C14+D14+E14+F14+G14+H14+I14+J14+K14+L14 -> 7 | P14: =O14/$O$12 -> 0.77777778
A15: Total | B15: =SUM(B6:B14) -> 52 | C15: =SUM(C6:C14) -> 17 | D15: =SUM(D6:D14) -> 4 | E15: =SUM(E6:E14) -> 0 | F15: =SUM(F6:F14) -> 1 | G15: =SUM(G6:G14) -> 2 | H15: =SUM(H6:H14) -> 0 | I15: =SUM(I6:I14) -> 0 | ... O15: =SUM(O6:O14) -> 76 | P15: =SUM(P5:P14) -> 8.4444444
A18: Produto | B18: Contador | C18: Corretor | D18: Médico | E18: Dentista | F18: RCPM | G18: Advogado | H18: Despachante | I18: Posto | J18: Cartório | K18: D & O | L18: Turismo | M18: Diversos
A19: Total | B19: =B48 -> 12 | C19: =C48 -> 16 | D19: =D48 -> 23 | E19: =E48 -> 6 | F19: =F48 -> 0 | G19: =G48 -> 0 | H19: =H48 -> 3 | I19: =I48 -> 1 | ... M19: =M48 -> 8
A20: Estado
A21: AC
A22: AL
A23: AM
A24: AP
A25: BA
A26: CE | J26: 1
A27: DF | D27: 1 | M27: 1
A28: ES | L28: 2
A29: GO | D29: 2
A30: MA
A31: MG | B31: 2 | C31: 1 | D31: 1
A32: MS | C32: 2 | D32: 4
A33: MT | D33: 1 | E33: 1
A34: PA
A35: PB | D35: 1
A36: PE
A37: PI
A38: PR | B38: 1 | C38: 2 | E38: 5 | L38: 1
A39: RJ | C39: 1 | D39: 4
A40: RN
A41: RO | C41: 1 | D41: 1
A42: RR
A43: RS | B43: 2 | M43: 1
A44: SC | B44: 1 | D44: 2 | L44: 1
A45: SE
A46: SP | B46: 6 | C46: 9 | D46: 6 | H46: 3 | I46: 1 | J46: 1 | L46: 1 | M46: 6
A47: TO
A48: Total | B48: =SUM(B21:B47) -> 12 | C48: =SUM(C21:C47) -> 16 | D48: =SUM(D21:D47) -> 23 | E48: =SUM(E21:E47) -> 6 | F48: =SUM(F21:F47) -> 0 | G48: =SUM(G21:G47) -> 0 | H48: =SUM(H21:H47) -> 3 | I48: =SUM(I21:I47) -> 1 | ... M48: =SUM(M21:M47) -> 8 | N48: =SUM(B48:M48) -> 76

Sheet Outubro 2019
A1: ACIONAMENTO - MAIO
A2: Regulador/Seguradora | B2: Argo | C2: AIG | D2: AXA | E2: CHUBB | F2: QBE | G2: FATOR | O2: Total
A3: Carlos | B3: 10 | C3: 1 | D3: 1 | O3: =B3+C3+D3+E3+F3+G3+H3+I3+J3+K3+L3 -> 12 | P3: =O3/$O$12 -> 0.13793103
A4: Carol | B4: 7 | C4: 4 | O4: =B4+C4+D4+E4+F4+G4+H4+I4+J4+K4+L4 -> 11 | P4: =O4/$O$12 -> 0.12643678
A5: Everton | B5: 13 | O5: =B5+C5+D5+E5+F5+G5+H5+I5+J5+K5+L5 -> 13 | P5: =O5/$O$12 -> 0.14942529
A6: Karisa | B6: 5 | D6: 1 | O6: =B6+C6+D6+E6+F6+G6+H6+I6+J6+K6+L6 -> 6 | P6: =O6/$O$12 -> 0.068965517
A7: Seidy | B7: 10 | C7: 4 | O7: =B7+C7+D7+E7+F7+G7+H7+I7+J7+K7+L7 -> 14 | P7: =O7/$O$12 -> 0.16091954
A8: Teresa | B8: 11 | C8: 1 | O8: =B8+C8+D8+E8+F8+G8+H8+I8+J8+K8+L8 -> 12 | P8: =O8/$O$12 -> 0.13793103
A9: João | B9: 7 | C9: 2 | O9: =B9+C9+D9+E9+F9+G9+H9+I9+J9+K9+L9 -> 9 | P9: =O9/$O$12 -> 0.10344828
A10: Jéssica Rosa | B10: 3 | C10: 4 | F10: 1 | O10: =B10+C10+D10+E10+F10+G10+H10+I10+J10+K10+L10 -> 8 | P10: =O10/$O$12 -> 0.091954023
A11: Diego | B11: 1 | C11: 1 | O11: =B11+C11+D11+E11+F11+G11+H11+I11+J11+K11+L11 -> 2 | P11: =O11/$O$12 -> 0.022988506
A12: Total | B12: =SUM(B3:B11) -> 67 | C12: =SUM(C3:C11) -> 17 | D12: =SUM(D3:D11) -> 2 | E12: =SUM(E3:E11) -> 0 | F12: =SUM(F3:F11) -> 1 | G12: =SUM(G3:G11) -> 0 | H12: =SUM(H3:H11) -> 0 | I12: =SUM(I3:I11) -> 0 | ... O12: =SUM(O3:O11) -> 87 | P12: =SUM(P2:P11) -> 1
A15: Produto | B15: Contador | C15: Corretor | D15: Médico | E15: Dentista | F15: RCPM | G15: Advogado | H15: Despachante | I15: Posto | J15: Cartório | K15: D & O | L15: Turismo | M15: Diversos
A16: Total | B16: =B45 -> 17 | C16: =C45 -> 15 | D16: =D45 -> 20 | E16: =E45 -> 10 | F16: =F45 -> 0 | G16: =G45 -> 0 | H16: =H45 -> 0 | I16: =I45 -> 2 | ... M16: =M45 -> 18
A17: Estado
A18: AC
A19: AL
A20: AM
A21: AP
A22: BA | D22: 1
A23: CE
A24: DF | B24: 1 | M24: 1
A25: ES
A26: GO | D26: 1 | E26: 2 | M26: 1
A27: MA
A28: MG | M28: 1
A29: MS | B29: 1 | D29: 3 | E29: 1
A30: MT | B30: 3 | C30: 1 | D30: 1
A31: PA
A32: PB | B32: 1
A33: PE
A34: PI | E34: 1
A35: PR | C35: 3 | D35: 3 | E35: 1 | L35: 1 | M35: 2
A36: RJ | C36: 1 | D36: 2 | M36: 3
A37: RN
A38: RO
A39: RR
A40: RS | B40: 1 | D40: 1 | L40: 1 | M40: 1
A41: SC | B41: 2 | D41: 1 | M41: 1
A42: SE | B42: 1
A43: SP | B43: 7 | C43: 10 | D43: 7 | E43: 5 | I43: 2 | J43: 1 | L43: 2 | M43: 8
A44: TO
A45: Total | B45: =SUM(B18:B44) -> 17 | C45: =SUM(C18:C44) -> 15 | D45: =SUM(D18:D44) -> 20 | E45: =SUM(E18:E44) -> 10 | F45: =SUM(F18:F44) -> 0 | G45: =SUM(G18:G44) -> 0 | H45: =SUM(H18:H44) -> 0 | I45: =SUM(I18:I44) -> 2 | ... M45: =SUM(M18:M44) -> 18 | N45: =SUM(B45:M45) -> 87

Sheet Novembro 2019
A1: ACIONAMENTO - MAIO
A2: Regulador/Seguradora | B2: Argo | C2: AIG | D2: AXA | E2: CHUBB | F2: QBE | G2: FATOR | H2: Porto Seguro | I2: FAIRFAX | O2: Total
A3: Carlos | B3: 6 | O3: =B3+C3+D3+E3+F3+G3+H3+I3+J3+K3+L3 -> 6 | P3: =O3/$O$12 -> 0.095238095
A4: Carol | B4: 6 | C4: 2 | O4: =B4+C4+D4+E4+F4+G4+H4+I4+J4+K4+L4 -> 8 | P4: =O4/$O$12 -> 0.12698413
A5: Everton | B5: 8 | O5: =B5+C5+D5+E5+F5+G5+H5+I5+J5+K5+L5 -> 8 | P5: =O5/$O$12 -> 0.12698413
A6: Karisa | B6: 6 | O6: =B6+C6+D6+E6+F6+G6+H6+I6+J6+K6+L6 -> 6 | P6: =O6/$O$12 -> 0.095238095
A7: Seidy | B7: 8 | O7: =B7+C7+D7+E7+F7+G7+H7+I7+J7+K7+L7 -> 8 | P7: =O7/$O$12 -> 0.12698413
A8: Teresa | B8: 5 | C8: 1 | G8: 1 | O8: =B8+C8+D8+E8+F8+G8+H8+I8+J8+K8+L8 -> 7 | P8: =O8/$O$12 -> 0.11111111
A9: João | B9: 6 | C9: 3 | I9: 1 | O9: =B9+C9+D9+E9+F9+G9+H9+I9+J9+K9+L9 -> 10 | P9: =O9/$O$12 -> 0.15873016
A10: Jéssica Rosa | B10: 5 | C10: 1 | G10: 1 | O10: =B10+C10+D10+E10+F10+G10+H10+I10+J10+K10+L10 -> 7 | P10: =O10/$O$12 -> 0.11111111
A11: Diego | B11: 1 | G11: 1 | H11: 1 | O11: =B11+C11+D11+E11+F11+G11+H11+I11+J11+K11+L11 -> 3 | P11: =O11/$O$12 -> 0.047619048
A12: Total | B12: =SUM(B3:B11) -> 51 | C12: =SUM(C3:C11) -> 7 | D12: =SUM(D3:D11) -> 0 | E12: =SUM(E3:E11) -> 0 | F12: =SUM(F3:F11) -> 0 | G12: =SUM(G3:G11) -> 3 | H12: =SUM(H3:H11) -> 1 | I12: =SUM(I3:I11) -> 1 | ... O12: =SUM(O3:O11) -> 63 | P12: =SUM(P2:P11) -> 1
A15: Produto | B15: Contador | C15: Corretor | D15: Médico | E15: Dentista | F15: RCPM | G15: Advogado | H15: Despachante | I15: Posto | J15: Cartório | K15: D & O | L15: Turismo | M15: Diversos
A16: Total | B16: =B45 -> 10 | C16: =C45 -> 9 | D16: =D45 -> 20 | E16: =E45 -> 6 | F16: =F45 -> 0 | G16: =G45 -> 2 | H16: =H45 -> 1 | I16: =I45 -> 1 | ... M16: =M45 -> 12
A17: Estado
A18: AC
A19: AL
A20: AM
A21: AP
A22: BA | B22: 1 | M22: 1
A23: CE
A24: DF
A25: ES
A26: GO
A27: MA
A28: MG | B28: 2 | C28: 1 | L28: 1 | M28: 2
A29: MS | D29: 2 | E29: 1
A30: MT | C30: 1
A31: PA
A32: PB
A33: PE | C33: 1
A34: PI
A35: PR | B35: 2 | C35: 1 | D35: 2 | H35: 1
A36: RJ | B36: 1 | D36: 7 | E36: 1 | M36: 4
A37: RN
A38: RO | D38: 1 | G38: 1 | M38: 1
A39: RR
A40: RS | B40: 1 | C40: 1 | L40: 1
A41: SC | C41: 1 | D41: 3 | E41: 2 | M41: 1
A42: SE
A43: SP | B43: 3 | C43: 3 | D43: 5 | E43: 2 | G43: 1 | I43: 1 | M43: 3
A44: TO
A45: Total | B45: =SUM(B18:B44) -> 10 | C45: =SUM(C18:C44) -> 9 | D45: =SUM(D18:D44) -> 20 | E45: =SUM(E18:E44) -> 6 | F45: =SUM(F18:F44) -> 0 | G45: =SUM(G18:G44) -> 2 | H45: =SUM(H18:H44) -> 1 | I45: =SUM(I18:I44) -> 1 | ... M45: =SUM(M18:M44) -> 12 | N45: =SUM(B45:M45) -> 63

Sheet Dezembro 2019
A1: ACIONAMENTO - MAIO
A2: Regulador/Seguradora | B2: Argo | C2: AIG | D2: AXA | E2: CHUBB | F2: QBE | G2: FATOR | H2: Porto Seguro | I2: FAIRFAX | J2: ZURICH | O2: Total
A3: Carlos | B3: 3 | G3: 1 | J3: 1 | O3: =B3+C3+D3+E3+F3+G3+H3+I3+J3+K3+L3 -> 5 | P3: =O3/$O$12 -> 0.11363636
A4: Carol | B4: 4 | F4: 1 | O4: =B4+C4+D4+E4+F4+G4+H4+I4+J4+K4+L4 -> 5 | P4: =O4/$O$12 -> 0.11363636
A5: Everton | B5: 5 | O5: =B5+C5+D5+E5+F5+G5+H5+I5+J5+K5+L5 -> 5 | P5: =O5/$O$12 -> 0.11363636
A6: Karisa | B6: 6 | H6: 1 | O6: =B6+C6+D6+E6+F6+G6+H6+I6+J6+K6+L6 -> 7 | P6: =O6/$O$12 -> 0.15909091
A7: Seidy | B7: 5 | O7: =B7+C7+D7+E7+F7+G7+H7+I7+J7+K7+L7 -> 5 | P7: =O7/$O$12 -> 0.11363636
A8: Teresa | B8: 2 | O8: =B8+C8+D8+E8+F8+G8+H8+I8+J8+K8+L8 -> 2 | P8: =O8/$O$12 -> 0.045454545
A9: João | B9: 6 | O9: =B9+C9+D9+E9+F9+G9+H9+I9+J9+K9+L9 -> 6 | P9: =O9/$O$12 -> 0.13636364
A10: Jéssica Rosa | B10: 6 | O10: =B10+C10+D10+E10+F10+G10+H10+I10+J10+K10+L10 -> 6 | P10: =O10/$O$12 -> 0.13636364
A11: Diego | B11: 1 | H11: 2 | O11: =B11+C11+D11+E11+F11+G11+H11+I11+J11+K11+L11 -> 3 | P11: =O11/$O$12 -> 0.068181818
A12: Total | B12: =SUM(B3:B11) -> 38 | C12: =SUM(C3:C11) -> 0 | D12: =SUM(D3:D11) -> 0 | E12: =SUM(E3:E11) -> 0 | F12: =SUM(F3:F11) -> 1 | G12: =SUM(G3:G11) -> 1 | H12: =SUM(H3:H11) -> 3 | I12: =SUM(I3:I11) -> 0 | ... O12: =SUM(O3:O11) -> 44 | P12: =SUM(P2:P11) -> 1
A15: Produto | B15: Contador | C15: Corretor | D15: Médico | E15: Dentista | F15: RCPM | G15: Advogado | H15: ECV Vistoria Veicular | I15: Posto | J15: Cartório | K15: D & O | L15: Turismo | M15: Diversos
A16: Total | B16: =B45 -> 10 | C16: =C45 -> 4 | D16: =D45 -> 17 | E16: =E45 -> 4 | F16: =F45 -> 0 | G16: =G45 -> 1 | H16: =H45 -> 1 | I16: =I45 -> 0 | ... M16: =M45 -> 3
A17: Estado
A18: AC
A19: AL
A20: AM | B20: 1
A21: AP
A22: BA | D22: 1
A23: CE
A24: DF
A25: ES
A26: GO
A27: MA
A28: MG | B28: 2 | M28: 1
A29: MS | D29: 4
A30: MT
A31: PA | B31: 1
A32: PB
A33: PE | B33: 1
A34: PI
A35: PR | D35: 2
A36: RJ | D36: 5 | E36: 1
A37: RN | L37: 1
A38: RO | D38: 1
A39: RR
A40: RS | D40: 1 | M40: 1
A41: SC | B41: 1 | E41: 1
A42: SE
A43: SP | B43: 4 | C43: 4 | D43: 3 | E43: 2 | G43: 1 | H43: 1 | J43: 1 | L43: 2 | M43: 1
A44: TO
A45: Total | B45: =SUM(B18:B44) -> 10 | C45: =SUM(C18:C44) -> 4 | D45: =SUM(D18:D44) -> 17 | E45: =SUM(E18:E44) -> 4 | F45: =SUM(F18:F44) -> 0 | G45: =SUM(G18:G44) -> 1 | H45: =SUM(H18:H44) -> 1 | I45: =SUM(I18:I44) -> 0 | ... M45: =SUM(M18:M44) -> 3 | N45: =SUM(B45:M45) -> 44

Sheet Resumo Estado e Ramo
A1: Estado | B1: 2012 | C1: 2013 | D1: 2014 | E1: 2015 | F1: 2016 | G1: 2017 | H1: 2018
A2: AC | D2: 1
A3: AL | E3: 1 | F3: 2 | G3: 3
A4: AM | C4: 2 | D4: 4 | E4: 1 | F4: 6
A5: BA | D5: 6 | E5: 5 | F5: 18 | G5: 13
A6: CE | D6: 2 | E6: 2 | F6: 12 | G6: 9
A7: DF | C7: 1 | D7: 2 | E7: 43 | F7: 48 | G7: 8
A8: ES | B8: 1 | D8: 5 | E8: 14 | F8: 20 | G8: 18
A9: GO | D9: 5 | E9: 11 | F9: 19 | G9: 21
A10: MA | E10: 1 | F10: 3
A11: MG | C11: 1 | D11: 10 | E11: 37 | F11: 83 | G11: 49
A12: MS | D12: 2 | E12: 13 | F12: 18 | G12: 11
A13: MT | D13: 5 | E13: 8 | F13: 14 | G13: 11
A14: PA | D14: 1 | E14: 5 | F14: 2 | G14: 3
A15: PB | D15: 1 | E15: 1 | F15: 6 | G15: 6
A16: PE | D16: 1 | E16: 4 | F16: 5 | G16: 5
A17: PI | E17: 1 | F17: 1 | G17: 1
A18: PR | C18: 3 | D18: 31 | E18: 50 | F18: 81 | G18: 95
A19: RJ | C19: 11 | D19: 38 | E19: 107 | F19: 248 | G19: 90
A20: RN | D20: 2 | E20: 1 | F20: 2 | G20: 9
A21: RO | D21: 1 | E21: 3 | F21: 9 | G21: 10
A22: RR | D22: 3 | F22: 1
A23: RS | C23: 3 | D23: 13 | E23: 36 | F23: 81 | G23: 47
A24: SC | B24: 1 | C24: 14 | D24: 14 | E24: 83 | F24: 126 | G24: 88
A25: SE | D25: 1 | E25: 2 | F25: 17 | G25: 7
A26: SP | B26: 14 | C26: 54 | D26: 136 | E26: 320 | F26: 728 | G26: 477
A27: Total | B27: =SUM(B2:B8) -> 1 | C27: =SUM(C2:C26) -> 89 | D27: =SUM(D2:D26) -> 284 | E27: =SUM(E2:E26) -> 749 | F27: =SUM(F2:F26) -> 1550 | G27: =G26+G25+G24+G23+G22+G21+G20+G19+G18+G17+G16+G15+G14+G13+G12+G11+G10+G9+G8+G7+G6+G5+G4+G3+G2 -> 981 | H27: =SUM(H2:H26) -> 0

Sheet Janeiro 2020
A1: ACIONAMENTO - MAIO
A2: Regulador/Seguradora | B2: Argo | C2: AIG | D2: AXA | E2: CHUBB | F2: QBE | G2: FATOR | H2: Porto Seguro | I2: FAIRFAX | J2: ZURICH | O2: Total
A3: Carlos | B3: 9 | O3: =B3+C3+D3+E3+F3+G3+H3+I3+J3+K3+L3 -> 9 | P3: =O3/$O$12 -> 0.15517241
A4: Carol | B4: 1 | O4: =B4+C4+D4+E4+F4+G4+H4+I4+J4+K4+L4 -> 1 | P4: =O4/$O$12 -> 0.017241379
A5: Everton | B5: 8 | O5: =B5+C5+D5+E5+F5+G5+H5+I5+J5+K5+L5 -> 8 | P5: =O5/$O$12 -> 0.13793103
A6: Karisa | B6: 7 | O6: =B6+C6+D6+E6+F6+G6+H6+I6+J6+K6+L6 -> 7 | P6: =O6/$O$12 -> 0.12068966
A7: Seidy | B7: 6 | C7: 1 | O7: =B7+C7+D7+E7+F7+G7+H7+I7+J7+K7+L7 -> 7 | P7: =O7/$O$12 -> 0.12068966
A8: Teresa | B8: 4 | C8: 2 | O8: =B8+C8+D8+E8+F8+G8+H8+I8+J8+K8+L8 -> 6 | P8: =O8/$O$12 -> 0.10344828
A9: João | B9: 8 | O9: =B9+C9+D9+E9+F9+G9+H9+I9+J9+K9+L9 -> 8 | P9: =O9/$O$12 -> 0.13793103
A10: Jéssica Rosa | B10: 6 | E10: 1 | G10: 1 | O10: =B10+C10+D10+E10+F10+G10+H10+I10+J10+K10+L10 -> 8 | P10: =O10/$O$12 -> 0.13793103
A11: Diego | B11: 2 | H11: 2 | O11: =B11+C11+D11+E11+F11+G11+H11+I11+J11+K11+L11 -> 4 | P11: =O11/$O$12 -> 0.068965517
A12: Total | B12: =SUM(B3:B11) -> 51 | C12: =SUM(C3:C11) -> 3 | D12: =SUM(D3:D11) -> 0 | E12: =SUM(E3:E11) -> 1 | F12: =SUM(F3:F11) -> 0 | G12: =SUM(G3:G11) -> 1 | H12: =SUM(H3:H11) -> 2 | I12: =SUM(I3:I11) -> 0 | ... O12: =SUM(O3:O11) -> 58 | P12: =SUM(P2:P11) -> 1
A15: Produto | B15: Contador | C15: Corretor | D15: Médico | E15: Dentista | F15: RCPM | G15: Advogado | H15: ECV Vistoria Veicular | I15: Posto | J15: Cartório | K15: D & O | L15: Turismo | M15: Diversos
A16: Total | B16: =B45 -> 12 | C16: =C45 -> 4 | D16: =D45 -> 20 | E16: =E45 -> 2 | F16: =F45 -> 0 | G16: =G45 -> 1 | H16: =H45 -> 0 | I16: =I45 -> 1 | ... M16: =M45 -> 12
A17: Estado
A18: AC
A19: AL
A20: AM
A21: AP
A22: BA | B22: 1
A23: CE
A24: DF | M24: 1
A25: ES
A26: GO | D26: 1
A27: MA
A28: MG | B28: 2 | C28: 1 | D28: 2 | L28: 3 | M28: 3
A29: MS | D29: 1
A30: MT
A31: PA
A32: PB
A33: PE | C33: 1
A34: PI
A35: PR | B35: 3 | J35: 1
A36: RJ | B36: 1 | D36: 3 | E36: 2 | M36: 2
A37: RN
A38: RO | D38: 1
A39: RR
A40: RS | M40: 1
A41: SC | B41: 1 | D41: 2 | M41: 1
A42: SE
A43: SP | B43: 4 | C43: 2 | D43: 10 | G43: 1 | I43: 1 | L43: 2 | M43: 4
A44: TO
A45: Total | B45: =SUM(B18:B44) -> 12 | C45: =SUM(C18:C44) -> 4 | D45: =SUM(D18:D44) -> 20 | E45: =SUM(E18:E44) -> 2 | F45: =SUM(F18:F44) -> 0 | G45: =SUM(G18:G44) -> 1 | H45: =SUM(H18:H44) -> 0 | I45: =SUM(I18:I44) -> 1 | ... M45: =SUM(M18:M44) -> 12 | N45: =SUM(B45:M45) -> 58

Sheet Fevereiro 2020
A1: ACIONAMENTO - MAIO
A2: Regulador/Seguradora | B2: Argo | C2: AIG | D2: AXA | E2: CHUBB | F2: QBE | G2: FATOR | H2: Porto Seguro | I2: FAIRFAX | J2: ZURICH | O2: Total
A3: Carlos | B3: 8 | O3: =B3+C3+D3+E3+F3+G3+H3+I3+J3+K3+L3 -> 8 | P3: =O3/$O$12 -> 0.14035088
A4: Carol | B4: 8 | O4: =B4+C4+D4+E4+F4+G4+H4+I4+J4+K4+L4 -> 8 | P4: =O4/$O$12 -> 0.14035088
A5: Everton | B5: 5 | O5: =B5+C5+D5+E5+F5+G5+H5+I5+J5+K5+L5 -> 5 | P5: =O5/$O$12 -> 0.087719298
A6: Karisa | B6: 6 | O6: =B6+C6+D6+E6+F6+G6+H6+I6+J6+K6+L6 -> 6 | P6: =O6/$O$12 -> 0.10526316
A7: Seidy | B7: 4 | O7: =B7+C7+D7+E7+F7+G7+H7+I7+J7+K7+L7 -> 4 | P7: =O7/$O$12 -> 0.070175439
A8: Teresa | B8: 5 | H8: 1 | O8: =B8+C8+D8+E8+F8+G8+H8+I8+J8+K8+L8 -> 6 | P8: =O8/$O$12 -> 0.10526316
A9: João | B9: 6 | C9: 1 | O9: =B9+C9+D9+E9+F9+G9+H9+I9+J9+K9+L9 -> 7 | P9: =O9/$O$12 -> 0.12280702
A10: Jéssica Rosa | B10: 7 | C10: 1 | O10: =B10+C10+D10+E10+F10+G10+H10+I10+J10+K10+L10 -> 8 | P10: =O10/$O$12 -> 0.14035088
A11: Diego | H11: 5 | O11: =B11+C11+D11+E11+F11+G11+H11+I11+J11+K11+L11 -> 5 | P11: =O11/$O$12 -> 0.087719298
A12: Total | B12: =SUM(B3:B11) -> 49 | C12: =SUM(C3:C11) -> 2 | D12: =SUM(D3:D11) -> 0 | E12: =SUM(E3:E11) -> 0 | F12: =SUM(F3:F11) -> 0 | G12: =SUM(G3:G11) -> 0 | H12: =SUM(H3:H11) -> 6 | I12: =SUM(I3:I11) -> 0 | ... O12: =SUM(O3:O11) -> 57 | P12: =SUM(P2:P11) -> 1
A15: Produto | B15: Contador | C15: Corretor | D15: Médico | E15: Dentista | F15: RCPM | G15: Advogado | H15: ECV Vistoria Veicular | I15: Posto | J15: Cartório | K15: D & O | L15: Turismo | M15: Diversos
A16: Total | B16: =B45 -> 4 | C16: =C45 -> 13 | D16: =D45 -> 15 | E16: =E45 -> 9 | F16: =F45 -> 0 | G16: =G45 -> 2 | H16: =H45 -> 1 | I16: =I45 -> 0 | ... M16: =M45 -> 8
A17: Estado
A18: AC
A19: AL
A20: AM
A21: AP
A22: BA | D22: 1
A23: CE | E23: 1
A24: DF | M24: 2
A25: ES | D25: 1
A26: GO | M26: 1
A27: MA
A28: MG | C28: 4
A29: MS | D29: 1
A30: MT | D30: 1
A31: PA
A32: PB
A33: PE
A34: PI
A35: PR | B35: 1 | E35: 1 | M35: 1
A36: RJ | D36: 4 | L36: 1 | M36: 1
A37: RN | L37: 2
A38: RO | C38: 1
A39: RR
A40: RS | M40: 1
A41: SC | D41: 2 | E41: 1
A42: SE
A43: SP | B43: 3 | C43: 8 | D43: 3 | E43: 6 | G43: 2 | H43: 1 | L43: 2 | M43: 2
A44: TO | D44: 2
A45: Total | B45: =SUM(B18:B44) -> 4 | C45: =SUM(C18:C44) -> 13 | D45: =SUM(D18:D44) -> 15 | E45: =SUM(E18:E44) -> 9 | F45: =SUM(F18:F44) -> 0 | G45: =SUM(G18:G44) -> 2 | H45: =SUM(H18:H44) -> 1 | I45: =SUM(I18:I44) -> 0 | ... M45: =SUM(M18:M44) -> 8 | N45: =SUM(B45:M45) -> 57

Sheet Março 2020
A1: ACIONAMENTO - MAIO
A2: Regulador/Seguradora | B2: Argo | C2: AIG | D2: AXA | E2: CHUBB | F2: QBE | G2: FATOR | H2: Porto Seguro | I2: FAIRFAX | J2: ZURICH | O2: Total
A3: Carlos | B3: 8 | O3: =B3+C3+D3+E3+F3+G3+H3+I3+J3+K3+L3 -> 8 | P3: =O3/$O$12 -> 0.12307692
A4: Carol | B4: 8 | O4: =B4+C4+D4+E4+F4+G4+H4+I4+J4+K4+L4 -> 8 | P4: =O4/$O$12 -> 0.12307692
A5: Everton | B5: 6 | O5: =B5+C5+D5+E5+F5+G5+H5+I5+J5+K5+L5 -> 6 | P5: =O5/$O$12 -> 0.092307692
A6: Karisa | B6: 7 | C6: 1 | O6: =B6+C6+D6+E6+F6+G6+H6+I6+J6+K6+L6 -> 8 | P6: =O6/$O$12 -> 0.12307692
A7: Seidy | B7: 6 | O7: =B7+C7+D7+E7+F7+G7+H7+I7+J7+K7+L7 -> 6 | P7: =O7/$O$12 -> 0.092307692
A8: Teresa | B8: 5 | H8: 4 | O8: =B8+C8+D8+E8+F8+G8+H8+I8+J8+K8+L8 -> 9 | P8: =O8/$O$12 -> 0.13846154
A9: João | B9: 7 | O9: =B9+C9+D9+E9+F9+G9+H9+I9+J9+K9+L9 -> 7 | P9: =O9/$O$12 -> 0.10769231
A10: Jéssica Rosa | B10: 8 | O10: =B10+C10+D10+E10+F10+G10+H10+I10+J10+K10+L10 -> 8 | P10: =O10/$O$12 -> 0.12307692
A11: Diego | H11: 4 | J11: 1 | O11: =B11+C11+D11+E11+F11+G11+H11+I11+J11+K11+L11 -> 5 | P11: =O11/$O$12 -> 0.076923077
A12: Total | B12: =SUM(B3:B11) -> 55 | C12: =SUM(C3:C11) -> 1 | D12: =SUM(D3:D11) -> 0 | E12: =SUM(E3:E11) -> 0 | F12: =SUM(F3:F11) -> 0 | G12: =SUM(G3:G11) -> 0 | H12: =SUM(H3:H11) -> 8 | I12: =SUM(I3:I11) -> 0 | ... O12: =SUM(O3:O11) -> 65 | P12: =SUM(P2:P11) -> 1
A15: Produto | B15: Contador | C15: Corretor | D15: Médico | E15: Dentista | F15: RCPM | G15: Advogado | H15: ECV Vistoria Veicular | I15: Posto | J15: Cartório | K15: D & O | L15: Turismo | M15: Diversos
A16: Total | B16: =B45 -> 5 | C16: =C45 -> 11 | D16: =D45 -> 33 | E16: =E45 -> 3 | F16: =F45 -> 0 | G16: =G45 -> 0 | H16: =H45 -> 0 | I16: =I45 -> 0 | ... M16: =M45 -> 8
A17: Estado
A18: AC
A19: AL
A20: AM | C20: 1
A21: AP
A22: BA | C22: 1 | D22: 2
A23: CE
A24: DF
A25: ES
A26: GO | D26: 1 | M26: 1
A27: MA
A28: MG | C28: 1 | D28: 1 | E28: 1
A29: MS | D29: 2
A30: MT
A31: PA | J31: 1
A32: PB
A33: PE
A34: PI
A35: PR | D35: 1
A36: RJ | D36: 6 | E36: 1 | L36: 1 | M36: 2
A37: RN
A38: RO | D38: 2
A39: RR
A40: RS | D40: 1 | M40: 2
A41: SC | D41: 3 | E41: 1 | M41: 1
A42: SE | C42: 1
A43: SP | B43: 5 | C43: 7 | D43: 14 | J43: 1 | L43: 2 | M43: 2
A44: TO
A45: Total | B45: =SUM(B18:B44) -> 5 | C45: =SUM(C18:C44) -> 11 | D45: =SUM(D18:D44) -> 33 | E45: =SUM(E18:E44) -> 3 | F45: =SUM(F18:F44) -> 0 | G45: =SUM(G18:G44) -> 0 | H45: =SUM(H18:H44) -> 0 | I45: =SUM(I18:I44) -> 0 | ... M45: =SUM(M18:M44) -> 8 | N45: =SUM(B45:M45) -> 65

Sheet Abril 2020
A1: ACIONAMENTO - MAIO
A2: Regulador/Seguradora | B2: Argo | C2: AIG | D2: AXA | E2: CHUBB | F2: QBE | G2: FATOR | H2: Porto Seguro | I2: FAIRFAX | J2: ZURICH | K2: SOMPO | O2: Total
A3: Carlos | B3: 6 | O3: =B3+C3+D3+E3+F3+G3+H3+I3+J3+K3+L3 -> 6 | P3: =O3/$O$12 -> 0.16216216
A4: Carol | B4: 2 | O4: =B4+C4+D4+E4+F4+G4+H4+I4+J4+K4+L4 -> 2 | P4: =O4/$O$12 -> 0.054054054
A5: Everton | B5: 5 | O5: =B5+C5+D5+E5+F5+G5+H5+I5+J5+K5+L5 -> 5 | P5: =O5/$O$12 -> 0.13513514
A6: Karisa | B6: 4 | H6: 2 | K6: 1 | O6: =B6+C6+D6+E6+F6+G6+H6+I6+J6+K6+L6 -> 7 | P6: =O6/$O$12 -> 0.18918919
A7: Seidy | O7: =B7+C7+D7+E7+F7+G7+H7+I7+J7+K7+L7 -> 0 | P7: =O7/$O$12 -> 0
A8: Teresa | B8: 2 | H8: 2 | K8: 1 | O8: =B8+C8+D8+E8+F8+G8+H8+I8+J8+K8+L8 -> 5 | P8: =O8/$O$12 -> 0.13513514
A9: João | B9: 3 | H9: 2 | O9: =B9+C9+D9+E9+F9+G9+H9+I9+J9+K9+L9 -> 5 | P9: =O9/$O$12 -> 0.13513514
A10: Jéssica Rosa | O10: =B10+C10+D10+E10+F10+G10+H10+I10+J10+K10+L10 -> 0 | P10: =O10/$O$12 -> 0
A11: Diego | H11: 7 | O11: =B11+C11+D11+E11+F11+G11+H11+I11+J11+K11+L11 -> 7 | P11: =O11/$O$12 -> 0.18918919
A12: Total | B12: =SUM(B3:B11) -> 22 | C12: =SUM(C3:C11) -> 0 | D12: =SUM(D3:D11) -> 0 | E12: =SUM(E3:E11) -> 0 | F12: =SUM(F3:F11) -> 0 | G12: =SUM(G3:G11) -> 0 | H12: =SUM(H3:H11) -> 13 | I12: =SUM(I3:I11) -> 0 | ... O12: =SUM(O3:O11) -> 37 | P12: =SUM(P2:P11) -> 1
A15: Produto | B15: Contador | C15: Corretor | D15: Médico | E15: Dentista | F15: RCPM | G15: Advogado | H15: ECV Vistoria Veicular | I15: Posto | J15: Cartório | K15: D & O | L15: Turismo | M15: Diversos
A16: Total | B16: =B45 -> 7 | C16: =C45 -> 4 | D16: =D45 -> 11 | E16: =E45 -> 1 | F16: =F45 -> 0 | G16: =G45 -> 1 | H16: =H45 -> 0 | I16: =I45 -> 0 | ... M16: =M45 -> 8
A17: Estado
A18: AC
A19: AL
A20: AM
A21: AP
A22: BA | D22: 1
A23: CE
A24: DF
A25: ES
A26: GO
A27: MA
A28: MG | B28: 1 | C28: 1 | M28: 1
A29: MS | D29: 1
A30: MT
A31: PA
A32: PB
A33: PE
A34: PI
A35: PR | B35: 1 | D35: 1 | M35: 1
A36: RJ | D36: 2
A37: RN
A38: RO | C38: 1 | D38: 1
A39: RR
A40: RS
A41: SC | B41: 1 | D41: 2 | M41: 3
A42: SE
A43: SP | B43: 4 | C43: 2 | D43: 3 | E43: 1 | G43: 1 | L43: 5 | M43: 3
A44: TO
A45: Total | B45: =SUM(B18:B44) -> 7 | C45: =SUM(C18:C44) -> 4 | D45: =SUM(D18:D44) -> 11 | E45: =SUM(E18:E44) -> 1 | F45: =SUM(F18:F44) -> 0 | G45: =SUM(G18:G44) -> 1 | H45: =SUM(H18:H44) -> 0 | I45: =SUM(I18:I44) -> 0 | ... M45: =SUM(M18:M44) -> 8 | N45: =SUM(B45:M45) -> 37

Sheet Maio 2020
A1: ACIONAMENTO - MAIO
A2: Regulador/Seguradora | B2: Argo | C2: AIG | D2: AXA | E2: CHUBB | F2: QBE | G2: FATOR | H2: Porto Seguro | I2: FAIRFAX | J2: ZURICH | K2: SOMPO | O2: Total
A3: Carlos | B3: 4 | C3: 1 | O3: =B3+C3+D3+E3+F3+G3+H3+I3+J3+K3+L3 -> 5 | P3: =O3/$O$13 -> 0.12195122
A4: Carol | B4: 6 | O4: =B4+C4+D4+E4+F4+G4+H4+I4+J4+K4+L4 -> 6 | P4: =O4/$O$13 -> 0.14634146
A5: Everton | B5: 1 | O5: =B5+C5+D5+E5+F5+G5+H5+I5+J5+K5+L5 -> 1 | P5: =O5/$O$13 -> 0.024390244
A6: Karisa | B6: 4 | O6: =B6+C6+D6+E6+F6+G6+H6+I6+J6+K6+L6 -> 4 | P6: =O6/$O$13 -> 0.097560976
A7: Seidy | B7: 8 | O7: =B7+C7+D7+E7+F7+G7+H7+I7+J7+K7+L7 -> 8 | P7: =O7/$O$13 -> 0.19512195
A8: Teresa | B8: 3 | C8: 1 | H8: 1 | K8: 1 | O8: =B8+C8+D8+E8+F8+G8+H8+I8+J8+K8+L8 -> 6 | P8: =O8/$O$13 -> 0.14634146
A9: Ferananda | B9: 4 | O9: =B9+C9+D9+E9+F9+G9+H9+I9+J9+K9+L9 -> 4
A10: João | B10: 1 | G10: 1 | O10: =B10+C10+D10+E10+F10+G10+H10+I10+J10+K10+L10 -> 2 | P10: =O10/$O$13 -> 0.048780488
A11: Jéssica Rosa | B11: 3 | K11: 1 | O11: =B11+C11+D11+E11+F11+G11+H11+I11+J11+K11+L11 -> 4 | P11: =O11/$O$13 -> 0.097560976
A12: Diego | J12: 1 | O12: =B12+C12+D12+E12+F12+G12+H12+I12+J12+K12+L12 -> 1 | P12: =O12/$O$13 -> 0.024390244
A13: Total | B13: =SUM(B3:B12) -> 34 | C13: =SUM(C3:C12) -> 2 | D13: =SUM(D3:D12) -> 0 | E13: =SUM(E3:E12) -> 0 | F13: =SUM(F3:F12) -> 0 | G13: =SUM(G3:G12) -> 1 | H13: =SUM(H3:H12) -> 1 | I13: =SUM(I3:I12) -> 0 | ... O13: =SUM(O3:O12) -> 41 | P13: =SUM(P2:P12) -> 0.90243902
A16: Produto | B16: Contador | C16: Corretor | D16: Médico | E16: Dentista | F16: RCPM | G16: Advogado | H16: ECV Vistoria Veicular | I16: Posto | J16: Cartório | K16: D & O | L16: Turismo | M16: Diversos
A17: Total | B17: =B46 -> 7 | C17: =C46 -> 7 | D17: =D46 -> 12 | E17: =E46 -> 2 | F17: =F46 -> 0 | G17: =G46 -> 7 | H17: =H46 -> 0 | I17: =I46 -> 1 | ... M17: =M46 -> 2
A18: Estado
A19: AC | B19: 1
A20: AL
A21: AM
A22: AP
A23: BA | C23: 1 | J23: 1
A24: CE
A25: DF
A26: ES
A27: GO | C27: 1
A28: MA
A29: MG | E29: 1
A30: MS | D30: 1
A31: MT | B31: 1
A32: PA
A33: PB
A34: PE | C34: 1
A35: PI
A36: PR | B36: 3
A37: RJ | D37: 2
A38: RN
A39: RO | E39: 1 | G39: 1
A40: RR
A41: RS | D41: 4
A42: SC | B42: 2 | D42: 2 | G42: 2 | I42: 1 | M42: 1
A43: SE
A44: SP | C44: 4 | D44: 3 | G44: 4 | J44: 1 | L44: 1 | M44: 1
A45: TO
A46: Total | B46: =SUM(B19:B45) -> 7 | C46: =SUM(C19:C45) -> 7 | D46: =SUM(D19:D45) -> 12 | E46: =SUM(E19:E45) -> 2 | F46: =SUM(F19:F45) -> 0 | G46: =SUM(G19:G45) -> 7 | H46: =SUM(H19:H45) -> 0 | I46: =SUM(I19:I45) -> 1 | ... M46: =SUM(M19:M45) -> 2 | N46: =SUM(B46:M46) -> 41

Sheet Junho 2020
A1: ACIONAMENTO - MAIO
A2: Regulador/Seguradora | B2: Argo | C2: AIG | D2: AXA | E2: CHUBB | F2: QBE | G2: FATOR | H2: Porto Seguro | I2: FAIRFAX | J2: ZURICH | K2: SOMPO | O2: Total
A3: Carlos | B3: 2 | O3: =B3+C3+D3+E3+F3+G3+H3+I3+J3+K3+L3 -> 2 | P3: =O3/$O$13 -> 0.044444444
A4: Carol | B4: 1 | O4: =B4+C4+D4+E4+F4+G4+H4+I4+J4+K4+L4 -> 1 | P4: =O4/$O$13 -> 0.022222222
A5: Everton | B5: 6 | O5: =B5+C5+D5+E5+F5+G5+H5+I5+J5+K5+L5 -> 6 | P5: =O5/$O$13 -> 0.13333333
A6: Karisa | B6: 4 | D6: 1 | H6: 1 | O6: =B6+C6+D6+E6+F6+G6+H6+I6+J6+K6+L6 -> 6 | P6: =O6/$O$13 -> 0.13333333
A7: Seidy | B7: 4 | C7: 2 | O7: =B7+C7+D7+E7+F7+G7+H7+I7+J7+K7+L7 -> 6 | P7: =O7/$O$13 -> 0.13333333
A8: Teresa | B8: 2 | C8: 1 | H8: 3 | O8: =B8+C8+D8+E8+F8+G8+H8+I8+J8+K8+L8 -> 6 | P8: =O8/$O$13 -> 0.13333333
A9: Fernanda | B9: 5 | O9: =B9+C9+D9+E9+F9+G9+H9+I9+J9+K9+L9 -> 5
A10: João | B10: 3 | H10: 1 | J10: 2 | O10: =B10+C10+D10+E10+F10+G10+H10+I10+J10+K10+L10 -> 6 | P10: =O10/$O$13 -> 0.13333333
A11: Jéssica Rosa | B11: 7 | O11: =B11+C11+D11+E11+F11+G11+H11+I11+J11+K11+L11 -> 7 | P11: =O11/$O$13 -> 0.15555556
A12: Diego | O12: =B12+C12+D12+E12+F12+G12+H12+I12+J12+K12+L12 -> 0 | P12: =O12/$O$13 -> 0
A13: Total | B13: =SUM(B3:B12) -> 34 | C13: =SUM(C3:C12) -> 3 | D13: =SUM(D3:D12) -> 1 | E13: =SUM(E3:E12) -> 0 | F13: =SUM(F3:F12) -> 0 | G13: =SUM(G3:G12) -> 0 | H13: =SUM(H3:H12) -> 5 | I13: =SUM(I3:I12) -> 0 | ... O13: =SUM(O3:O12) -> 45 | P13: =SUM(P2:P12) -> 0.88888889
A16: Produto | B16: Contador | C16: Corretor | D16: Médico | E16: Dentista | F16: RCPM | G16: Advogado | H16: ECV Vistoria Veicular | I16: Posto | J16: Cartório | K16: D & O | L16: Turismo | M16: Diversos
A17: Total | B17: =B46 -> 7 | C17: =C46 -> 6 | D17: =D46 -> 8 | E17: =E46 -> 3 | F17: =F46 -> 0 | G17: =G46 -> 4 | H17: =H46 -> 1 | I17: =I46 -> 0 | ... M17: =M46 -> 14
A18: Estado
A19: AC
A20: AL
A21: AM
A22: AP
A23: BA
A24: CE
A25: DF
A26: ES
A27: GO
A28: MA
A29: MG | C29: 1 | J29: 1
A30: MS
A31: MT | B31: 1
A32: PA | M32: 1
A33: PB
A34: PE | B34: 1
A35: PI
A36: PR | C36: 1 | E36: 2
A37: RJ | C37: 1 | D37: 3 | G37: 1 | M37: 2
A38: RN
A39: RO
A40: RR | G40: 1
A41: RS | C41: 1
A42: SC | D42: 2 | L42: 1 | M42: 1
A43: SE
A44: SP | B44: 5 | C44: 2 | D44: 3 | E44: 1 | G44: 2 | H44: 1 | M44: 10
A45: TO
A46: Total | B46: =SUM(B19:B45) -> 7 | C46: =SUM(C19:C45) -> 6 | D46: =SUM(D19:D45) -> 8 | E46: =SUM(E19:E45) -> 3 | F46: =SUM(F19:F45) -> 0 | G46: =SUM(G19:G45) -> 4 | H46: =SUM(H19:H45) -> 1 | I46: =SUM(I19:I45) -> 0 | ... M46: =SUM(M19:M45) -> 14 | N46: =SUM(B46:M46) -> 45

Sheet Julho 2020
A1: ACIONAMENTO - MAIO
A2: Regulador/Seguradora | B2: Argo | C2: AIG | D2: AXA | E2: CHUBB | F2: QBE | G2: FATOR | H2: Porto Seguro | I2: FAIRFAX | J2: ZURICH | K2: SOMPO | O2: Total
A3: Carlos | B3: 5 | O3: =B3+C3+D3+E3+F3+G3+H3+I3+J3+K3+L3 -> 5 | P3: =O3/$O$13 -> 0.084745763
A4: Carol | B4: 3 | O4: =B4+C4+D4+E4+F4+G4+H4+I4+J4+K4+L4 -> 3 | P4: =O4/$O$13 -> 0.050847458
A5: Everton | B5: 6 | O5: =B5+C5+D5+E5+F5+G5+H5+I5+J5+K5+L5 -> 6 | P5: =O5/$O$13 -> 0.10169492
A6: Karisa | B6: 8 | O6: =B6+C6+D6+E6+F6+G6+H6+I6+J6+K6+L6 -> 8 | P6: =O6/$O$13 -> 0.13559322
A7: Seidy | B7: 1 | O7: =B7+C7+D7+E7+F7+G7+H7+I7+J7+K7+L7 -> 1 | P7: =O7/$O$13 -> 0.016949153
A8: Teresa | B8: 4 | H8: 4 | K8: 1 | O8: =B8+C8+D8+E8+F8+G8+H8+I8+J8+K8+L8 -> 9 | P8: =O8/$O$13 -> 0.15254237
A9: Fernanda | B9: 7 | O9: =B9+C9+D9+E9+F9+G9+H9+I9+J9+K9+L9 -> 7
A10: João | B10: 7 | O10: =B10+C10+D10+E10+F10+G10+H10+I10+J10+K10+L10 -> 7 | P10: =O10/$O$13 -> 0.11864407
A11: Jéssica Rosa | B11: 6 | K11: 1 | O11: =B11+C11+D11+E11+F11+G11+H11+I11+J11+K11+L11 -> 7 | P11: =O11/$O$13 -> 0.11864407
A12: Diego | H12: 6 | O12: =B12+C12+D12+E12+F12+G12+H12+I12+J12+K12+L12 -> 6 | P12: =O12/$O$13 -> 0.10169492
A13: Total | B13: =SUM(B3:B12) -> 47 | C13: =SUM(C3:C12) -> 0 | D13: =SUM(D3:D12) -> 0 | E13: =SUM(E3:E12) -> 0 | F13: =SUM(F3:F12) -> 0 | G13: =SUM(G3:G12) -> 0 | H13: =SUM(H3:H12) -> 10 | I13: =SUM(I3:I12) -> 0 | ... O13: =SUM(O3:O12) -> 59 | P13: =SUM(P2:P12) -> 0.88135593
A16: Produto | B16: Contador | C16: Corretor | D16: Médico | E16: Dentista | F16: RCPM | G16: Advogado | H16: ECV Vistoria Veicular | I16: Posto | J16: Cartório | K16: D & O | L16: Turismo | M16: Diversos
A17: Total | B17: =B46 -> 9 | C17: =C46 -> 12 | D17: =D46 -> 21 | E17: =E46 -> 2 | F17: =F46 -> 0 | G17: =G46 -> 1 | H17: =H46 -> 1 | I17: =I46 -> 0 | ... M17: =M46 -> 10
A18: Estado
A19: AC
A20: AL
A21: AM
A22: AP
A23: BA
A24: CE
A25: DF | L25: 1 | M25: 1
A26: ES
A27: GO
A28: MA
A29: MG | C29: 3 | D29: 2 | E29: 1 | M29: 1
A30: MS | D30: 2
A31: MT | B31: 1
A32: PA
A33: PB
A34: PE
A35: PI | C35: 2
A36: PR
A37: RJ | B37: 1 | C37: 1 | D37: 6 | M37: 3
A38: RN | L38: 1
A39: RO | C39: 1
A40: RR
A41: RS | M41: 1
A42: SC | B42: 2 | D42: 3 | M42: 3
A43: SE
A44: SP | B44: 5 | C44: 5 | D44: 8 | E44: 1 | G44: 1 | H44: 1 | J44: 1 | M44: 1
A45: TO
A46: Total | B46: =SUM(B19:B45) -> 9 | C46: =SUM(C19:C45) -> 12 | D46: =SUM(D19:D45) -> 21 | E46: =SUM(E19:E45) -> 2 | F46: =SUM(F19:F45) -> 0 | G46: =SUM(G19:G45) -> 1 | H46: =SUM(H19:H45) -> 1 | I46: =SUM(I19:I45) -> 0 | ... M46: =SUM(M19:M45) -> 10 | N46: =SUM(B46:M46) -> 59

Sheet Reaberturas
A2: Reaberturas
A3: Addvalora | B3: Seguradora | C3: Segurado | D3: Regulador | E3: Data reabertura
A4: 2012340224 | B4: 20170001431 Argo | C4: PEDRO GUILHERME MEINBERG | D4: Fernanda | E4: 44015

Sheet Agosto 2020
A1: ACIONAMENTO - AGOSTO
A2: Regulador/Seguradora | B2: Argo | C2: AIG | D2: AXA | E2: CHUBB | F2: QBE | G2: FATOR | H2: Porto Seguro | I2: FAIRFAX | J2: ZURICH | K2: SOMPO | L2: Berkley | M2: HDI | O2: Total
A3: Carlos | B3: 8 | M3: 1 | O3: =B3+C3+D3+E3+F3+G3+H3+I3+J3+K3+L3+M3 -> 9 | P3: =O3/$O$13 -> 0.11688312
A4: Carol | B4: 10 | F4: 1 | O4: =B4+C4+D4+E4+F4+G4+H4+I4+J4+K4+L4 -> 11 | P4: =O4/$O$13 -> 0.14285714
A5: Everton | B5: 8 | K5: 1 | O5: =B5+C5+D5+E5+F5+G5+H5+I5+J5+K5+L5 -> 9 | P5: =O5/$O$13 -> 0.11688312
A6: Karisa | B6: 8 | C6: 1 | H6: 2 | O6: =B6+C6+D6+E6+F6+G6+H6+I6+J6+K6+L6 -> 11 | P6: =O6/$O$13 -> 0.14285714
A7: Seidy | O7: =B7+C7+D7+E7+F7+G7+H7+I7+J7+K7+L7 -> 0 | P7: =O7/$O$13 -> 0
A8: Teresa | B8: 4 | H8: 2 | L8: 5 | O8: =B8+C8+D8+E8+F8+G8+H8+I8+J8+K8+L8 -> 11 | P8: =O8/$O$13 -> 0.14285714
A9: Fernanda | B9: 7 | O9: =B9+C9+D9+E9+F9+G9+H9+I9+J9+K9+L9 -> 7 | P9: =O9/$O$13 -> 0.090909091
A10: João | B10: 7 | K10: 1 | L10: 1 | O10: =B10+C10+D10+E10+F10+G10+H10+I10+J10+K10+L10 -> 9 | P10: =O10/$O$13 -> 0.11688312
A11: Jéssica Rosa | B11: 6 | K11: 4 | O11: =B11+C11+D11+E11+F11+G11+H11+I11+J11+K11+L11 -> 10 | P11: =O11/$O$13 -> 0.12987013
A12: Diego | O12: =B12+C12+D12+E12+F12+G12+H12+I12+J12+K12+L12 -> 0 | P12: =O12/$O$13 -> 0
A13: Total | B13: =SUM(B3:B12) -> 58 | C13: =SUM(C3:C12) -> 1 | D13: =SUM(D3:D12) -> 0 | E13: =SUM(E3:E12) -> 0 | F13: =SUM(F3:F12) -> 1 | G13: =SUM(G3:G12) -> 0 | H13: =SUM(H3:H12) -> 4 | I13: =SUM(I3:I12) -> 0 | ... O13: =SUM(O3:O12) -> 77 | P13: =SUM(P2:P12) -> 1
A16: Produto | B16: Contador | C16: Corretor | D16: Médico | E16: Dentista | F16: RCPM | G16: Advogado | H16: ECV Vistoria Veicular | I16: Posto | J16: Cartório | K16: D & O | L16: Turismo | M16: Diversos
A17: Total | B17: =B46 -> 18 | C17: =C46 -> 9 | D17: =D46 -> 26 | E17: =E46 -> 5 | F17: =F46 -> 0 | G17: =G46 -> 5 | H17: =H46 -> 0 | I17: =I46 -> 1 | ... M17: =M46 -> 12
A18: Estado
A19: AC
A20: AL
A21: AM
A22: AP
A23: BA | C23: 1 | D23: 1 | M23: 1
A24: CE
A25: DF | D25: 2
A26: ES
A27: GO | C27: 2
A28: MA
A29: MG | C29: 1 | G29: 1 | I29: 1 | M29: 1
A30: MS | D30: 2 | G30: 1
A31: MT | G31: 1 | L31: 1 | M31: 1
A32: PA
A33: PB
A34: PE
A35: PI | G35: 1
A36: PR | B36: 1 | E36: 3 | M36: 1
A37: RJ | D37: 10 | E37: 1 | M37: 3
A38: RN
A39: RO
A40: RR
A41: RS | B41: 1 | C41: 1 | D41: 1
A42: SC | B42: 6 | C42: 1 | D42: 2 | M42: 1
A43: SE | C43: 1
A44: SP | B44: 10 | C44: 2 | D44: 8 | E44: 1 | G44: 1 | M44: 4
A45: TO
A46: Total | B46: =SUM(B19:B45) -> 18 | C46: =SUM(C19:C45) -> 9 | D46: =SUM(D19:D45) -> 26 | E46: =SUM(E19:E45) -> 5 | F46: =SUM(F19:F45) -> 0 | G46: =SUM(G19:G45) -> 5 | H46: =SUM(H19:H45) -> 0 | I46: =SUM(I19:I45) -> 1 | ... M46: =SUM(M19:M45) -> 12 | N46: =SUM(B46:M46) -> 77

Sheet Setembro 2020
A1: ACIONAMENTO - AGOSTO
A2: Regulador/Seguradora | B2: Argo | C2: AIG | D2: AXA | E2: CHUBB | F2: QBE | G2: FATOR | H2: Porto Seguro | I2: FAIRFAX | J2: ZURICH | K2: SOMPO | L2: Berkley | M2: HDI | O2: Total
A3: Carlos | B3: 6 | J3: 1 | O3: =B3+C3+D3+E3+F3+G3+H3+I3+J3+K3+L3+M3 -> 7 | P3: =O3/$O$13 -> 0.11111111
A4: Carol | B4: 6 | O4: =B4+C4+D4+E4+F4+G4+H4+I4+J4+K4+L4 -> 6 | P4: =O4/$O$13 -> 0.095238095
A5: Everton | B5: 7 | O5: =B5+C5+D5+E5+F5+G5+H5+I5+J5+K5+L5 -> 7 | P5: =O5/$O$13 -> 0.11111111
A6: Karisa | B6: 5 | O6: =B6+C6+D6+E6+F6+G6+H6+I6+J6+K6+L6 -> 5 | P6: =O6/$O$13 -> 0.079365079
A7: Seidy | O7: =B7+C7+D7+E7+F7+G7+H7+I7+J7+K7+L7 -> 0 | P7: =O7/$O$13 -> 0
A8: Teresa | B8: 4 | H8: 4 | L8: 2 | O8: =B8+C8+D8+E8+F8+G8+H8+I8+J8+K8+L8 -> 10 | P8: =O8/$O$13 -> 0.15873016
A9: Fernanda | B9: 11 | H9: 2 | O9: =B9+C9+D9+E9+F9+G9+H9+I9+J9+K9+L9 -> 13 | P9: =O9/$O$13 -> 0.20634921
A10: João | B10: 7 | H10: 2 | O10: =B10+C10+D10+E10+F10+G10+H10+I10+J10+K10+L10 -> 9 | P10: =O10/$O$13 -> 0.14285714
A11: Jéssica Rosa | B11: 3 | K11: 2 | O11: =B11+C11+D11+E11+F11+G11+H11+I11+J11+K11+L11 -> 5 | P11: =O11/$O$13 -> 0.079365079
A12: Diego | H12: 1 | O12: =B12+C12+D12+E12+F12+G12+H12+I12+J12+K12+L12 -> 1 | P12: =O12/$O$13 -> 0.015873016
A13: Total | B13: =SUM(B3:B12) -> 49 | C13: =SUM(C3:C12) -> 0 | D13: =SUM(D3:D12) -> 0 | E13: =SUM(E3:E12) -> 0 | F13: =SUM(F3:F12) -> 0 | G13: =SUM(G3:G12) -> 0 | H13: =SUM(H3:H12) -> 9 | I13: =SUM(I3:I12) -> 0 | ... O13: =SUM(O3:O12) -> 63 | P13: =SUM(P2:P12) -> 1
A16: Produto | B16: Contador | C16: Corretor | D16: Médico | E16: Dentista | F16: RCPM | G16: Advogado | H16: ECV Vistoria Veicular | I16: Posto | J16: Cartório | K16: D & O | L16: Turismo | M16: Diversos
A17: Total | B17: =B46 -> 15 | C17: =C46 -> 7 | D17: =D46 -> 21 | E17: =E46 -> 1 | F17: =F46 -> 0 | G17: =G46 -> 2 | H17: =H46 -> 0 | I17: =I46 -> 1 | ... M17: =M46 -> 12
A18: Estado
A19: AC | B19: 6
A20: AL
A21: AM
A22: AP
A23: BA | D23: 1
A24: CE | B24: 1
A25: DF
A26: ES | G26: 1
A27: GO | D27: 1 | M27: 2
A28: MA
A29: MG | B29: 1 | C29: 1 | M29: 1
A30: MS | D30: 2
A31: MT
A32: PA
A33: PB | B33: 1
A34: PE
A35: PI
A36: PR | B36: 1 | E36: 1 | M36: 1
A37: RJ | D37: 1
A38: RN | L38: 1
A39: RO
A40: RR
A41: RS | D41: 3 | L41: 1 | M41: 3
A42: SC | B42: 3 | D42: 7 | I42: 1 | M42: 1
A43: SE
A44: SP | B44: 2 | C44: 5 | D44: 6 | G44: 1 | L44: 2 | M44: 4
A45: TO | C45: 1
A46: Total | B46: =SUM(B19:B45) -> 15 | C46: =SUM(C19:C45) -> 7 | D46: =SUM(D19:D45) -> 21 | E46: =SUM(E19:E45) -> 1 | F46: =SUM(F19:F45) -> 0 | G46: =SUM(G19:G45) -> 2 | H46: =SUM(H19:H45) -> 0 | I46: =SUM(I19:I45) -> 1 | ... M46: =SUM(M19:M45) -> 12 | N46: =SUM(B46:M46) -> 63

Sheet Outubro 2020
A1: ACIONAMENTO - AGOSTO
A2: Regulador/Seguradora | B2: Argo | C2: AIG | D2: AXA | E2: CHUBB | F2: QBE | G2: FATOR | H2: Porto Seguro | I2: FAIRFAX | J2: ZURICH | K2: SOMPO | L2: Berkley | M2: HDI | N2: Excelsior | O2: Total
A3: Carlos | B3: 8 | J3: 1 | L3: 1 | O3: =B3+C3+D3+E3+F3+G3+H3+I3+J3+K3+L3+M3+N3 -> 10 | P3: =O3/$O$13 -> 0.1
A4: Carol | B4: 13 | L4: 1 | O4: =B4+C4+D4+E4+F4+G4+H4+I4+J4+K4+L4+M4+N4 -> 14 | P4: =O4/$O$13 -> 0.14
A5: Everton | B5: 17 | O5: =B5+C5+D5+E5+F5+G5+H5+I5+J5+K5+L5+M5+N5 -> 17 | P5: =O5/$O$13 -> 0.17
A6: Karisa | B6: 12 | O6: =B6+C6+D6+E6+F6+G6+H6+I6+J6+K6+L6+M6+N6 -> 12 | P6: =O6/$O$13 -> 0.12
A7: Tiago | B7: 1 | O7: =B7+C7+D7+E7+F7+G7+H7+I7+J7+K7+L7+M7+N7 -> 1 | P7: =O7/$O$13 -> 0.01
A8: Teresa | H8: 4 | K8: 1 | L8: 5 | O8: =B8+C8+D8+E8+F8+G8+H8+I8+J8+K8+L8+M8+N8 -> 10 | P8: =O8/$O$13 -> 0.1
A9: Fernanda | B9: 5 | L9: 1 | O9: =B9+C9+D9+E9+F9+G9+H9+I9+J9+K9+L9+M9+N9 -> 6 | P9: =O9/$O$13 -> 0.06
A10: João | B10: 8 | H10: 2 | N10: 1 | O10: =B10+C10+D10+E10+F10+G10+H10+I10+J10+K10+L10+M10+N10 -> 11 | P10: =O10/$O$13 -> 0.11
A11: Jéssica Rosa | B11: 12 | K11: 1 | L11: 2 | O11: =B11+C11+D11+E11+F11+G11+H11+I11+J11+K11+L11+M11+N11 -> 15 | P11: =O11/$O$13 -> 0.15
A12: Diego | H12: 3 | N12: 1 | O12: =B12+C12+D12+E12+F12+G12+H12+I12+J12+K12+L12+M12+N12 -> 4 | P12: =O12/$O$13 -> 0.04
A13: Total | B13: =SUM(B3:B12) -> 76 | C13: =SUM(C3:C12) -> 0 | D13: =SUM(D3:D12) -> 0 | E13: =SUM(E3:E12) -> 0 | F13: =SUM(F3:F12) -> 0 | G13: =SUM(G3:G12) -> 0 | H13: =SUM(H3:H12) -> 9 | I13: =SUM(I3:I12) -> 0 | ... O13: =SUM(O3:O12) -> 100 | P13: =SUM(P2:P12) -> 1
A16: Produto | B16: Contador | C16: Corretor | D16: Médico | E16: Dentista | F16: RCPM | G16: Advogado | H16: ECV Vistoria Veicular | I16: Posto | J16: Cartório | K16: D & O | L16: Turismo | M16: Diversos
A17: Total | B17: =B46 -> 13 | C17: =C46 -> 20 | D17: =D46 -> 28 | E17: =E46 -> 2 | F17: =F46 -> 0 | G17: =G46 -> 5 | H17: =H46 -> 0 | I17: =I46 -> 0 | ... M17: =M46 -> 30
A18: Estado
A19: AC
A20: AL
A21: AM
A22: AP
A23: BA | B23: 1 | M23: 8
A24: CE | M24: 1
A25: DF
A26: ES | C26: 2
A27: GO | B27: 1
A28: MA
A29: MG | B29: 1 | C29: 2 | M29: 6
A30: MS | D30: 4
A31: MT | B31: 1
A32: PA
A33: PB
A34: PE
A35: PI | C35: 1
A36: PR | C36: 1 | E36: 1 | G36: 2
A37: RJ | C37: 1 | D37: 4 | L37: 1 | M37: 1
A38: RN
A39: RO
A40: RR
A41: RS | C41: 2 | D41: 1 | M41: 2
A42: SC | B42: 1 | D42: 6 | G42: 2 | M42: 1
A43: SE
A44: SP | B44: 8 | C44: 11 | D44: 13 | E44: 1 | G44: 1 | L44: 1 | M44: 11
A45: TO
A46: Total | B46: =SUM(B19:B45) -> 13 | C46: =SUM(C19:C45) -> 20 | D46: =SUM(D19:D45) -> 28 | E46: =SUM(E19:E45) -> 2 | F46: =SUM(F19:F45) -> 0 | G46: =SUM(G19:G45) -> 5 | H46: =SUM(H19:H45) -> 0 | I46: =SUM(I19:I45) -> 0 | ... M46: =SUM(M19:M45) -> 30 | N46: =SUM(B46:M46) -> 100

Sheet Novembro 2020
A1: ACIONAMENTO - AGOSTO
A2: Regulador/Seguradora | B2: Argo | C2: AIG | D2: AXA | E2: CHUBB | F2: QBE | G2: FATOR | H2: Porto Seguro | I2: FAIRFAX | J2: ZURICH | K2: SOMPO | L2: Berkley | M2: HDI | N2: Excelsior | O2: Total
A3: Carlos | B3: 9 | K3: 1 | O3: =SUM(B3:N3) -> 10 | P3: =O3/$O$13 -> 0.14925373
A4: Carol | B4: 8 | L4: 1 | O4: =SUM(B4:N4) -> 9 | P4: =O4/$O$13 -> 0.13432836
A5: Everton | B5: 9 | O5: =SUM(B5:N5) -> 9 | P5: =O5/$O$13 -> 0.13432836
A6: Karisa | B6: 9 | D6: 1 | O6: =SUM(B6:N6) -> 10 | P6: =O6/$O$13 -> 0.14925373
A7: Tiago | O7: =SUM(B7:N7) -> 0 | P7: =O7/$O$13 -> 0
A8: Teresa | H8: 3 | K8: 2 | N8: 1 | O8: =SUM(B8:N8) -> 6 | P8: =O8/$O$13 -> 0.089552239
A9: Fernanda | B9: 1 | H9: 2 | O9: =SUM(B9:N9) -> 3 | P9: =O9/$O$13 -> 0.044776119
A10: João | B10: 6 | N10: 2 | O10: =SUM(B10:N10) -> 8 | P10: =O10/$O$13 -> 0.11940299
A11: Jéssica Rosa | B11: 6 | H11: 1 | K11: 2 | L11: 2 | O11: =SUM(B11:N11) -> 11 | P11: =O11/$O$13 -> 0.1641791
A12: Diego | N12: 1 | O12: =SUM(B12:N12) -> 1 | P12: =O12/$O$13 -> 0.014925373
A13: Total | B13: =SUM(B3:B12) -> 48 | C13: =SUM(C3:C12) -> 0 | D13: =SUM(D3:D12) -> 1 | E13: =SUM(E3:E12) -> 0 | F13: =SUM(F3:F12) -> 0 | G13: =SUM(G3:G12) -> 0 | H13: =SUM(H3:H12) -> 6 | I13: =SUM(I3:I12) -> 0 | ... O13: =SUM(O3:O12) -> 67 | P13: =SUM(P2:P12) -> 1
A16: Produto | B16: Contador | C16: Corretor | D16: Médico | E16: Dentista | F16: RCPM | G16: Advogado | H16: ECV Vistoria Veicular | I16: Posto | J16: Cartório | K16: D & O | L16: Turismo | M16: Diversos
A17: Total | B17: =B46 -> 15 | C17: =C46 -> 4 | D17: =D46 -> 23 | E17: =E46 -> 5 | F17: =F46 -> 0 | G17: =G46 -> 1 | H17: =H46 -> 0 | I17: =I46 -> 0 | ... M17: =M46 -> 17
A18: Estado
A19: AC
A20: AL
A21: AM | M21: 1
A22: AP
A23: BA
A24: CE | M24: 1
A25: DF | D25: 1
A26: ES | D26: 1
A27: GO
A28: MA
A29: MG | B29: 1 | E29: 1
A30: MS | D30: 3 | M30: 1
A31: MT
A32: PA
A33: PB
A34: PE
A35: PI
A36: PR | C36: 1 | D36: 1
A37: RJ | D37: 2 | E37: 4 | L37: 1 | M37: 3
A38: RN
A39: RO
A40: RR
A41: RS | B41: 1 | C41: 1 | D41: 1 | M41: 1
A42: SC | B42: 5 | C42: 1 | D42: 3
A43: SE
A44: SP | B44: 8 | C44: 1 | D44: 11 | G44: 1 | L44: 1 | M44: 10
A45: TO
A46: Total | B46: =SUM(B19:B45) -> 15 | C46: =SUM(C19:C45) -> 4 | D46: =SUM(D19:D45) -> 23 | E46: =SUM(E19:E45) -> 5 | F46: =SUM(F19:F45) -> 0 | G46: =SUM(G19:G45) -> 1 | H46: =SUM(H19:H45) -> 0 | I46: =SUM(I19:I45) -> 0 | ... M46: =SUM(M19:M45) -> 17 | N46: =SUM(B46:M46) -> 67

Sheet Dezembro 2020
A1: ACIONAMENTO - AGOSTO
A2: Regulador/Seguradora | B2: Argo | C2: AIG | D2: AXA | E2: CHUBB | F2: QBE | G2: FATOR | H2: Porto Seguro | I2: Austral | J2: ZURICH | K2: SOMPO | L2: Berkley | M2: HDI | N2: Excelsior | O2: Total
A3: Carlos | B3: 7 | K3: 1 | L3: 2 | O3: =SUM(B3:N3) -> 10 | P3: =O3/$O$13 -> 0.11111111
A4: Carol | B4: 5 | K4: 1 | L4: 8 | O4: =SUM(B4:N4) -> 14 | P4: =O4/$O$13 -> 0.15555556
A5: Everton | B5: 9 | K5: 1 | L5: 1 | O5: =SUM(B5:N5) -> 11 | P5: =O5/$O$13 -> 0.12222222
A6: Karisa | B6: 10 | I6: 1 | L6: 1 | O6: =SUM(B6:N6) -> 12 | P6: =O6/$O$13 -> 0.13333333
A7: Tiago | O7: =SUM(B7:N7) -> 0 | P7: =O7/$O$13 -> 0
A8: Teresa | H8: 5 | K8: 1 | L8: 3 | N8: 5 | O8: =SUM(B8:N8) -> 14 | P8: =O8/$O$13 -> 0.15555556
A9: Fernanda | B9: 3 | H9: 2 | O9: =SUM(B9:N9) -> 5 | P9: =O9/$O$13 -> 0.055555556
A10: João | B10: 7 | K10: 1 | L10: 3 | O10: =SUM(B10:N10) -> 11 | P10: =O10/$O$13 -> 0.12222222
A11: Jéssica Rosa | B11: 5 | K11: 3 | L11: 5 | O11: =SUM(B11:N11) -> 13 | P11: =O11/$O$13 -> 0.14444444
A12: Diego | O12: =SUM(B12:N12) -> 0 | P12: =O12/$O$13 -> 0
A13: Total | B13: =SUM(B3:B12) -> 46 | C13: =SUM(C3:C12) -> 0 | D13: =SUM(D3:D12) -> 0 | E13: =SUM(E3:E12) -> 0 | F13: =SUM(F3:F12) -> 0 | G13: =SUM(G3:G12) -> 0 | H13: =SUM(H3:H12) -> 7 | I13: =SUM(I3:I12) -> 1 | ... O13: =SUM(O3:O12) -> 90 | P13: =SUM(P2:P12) -> 1
A16: Produto | B16: Contador | C16: Corretor | D16: Médico | E16: Dentista | F16: RCPM | G16: Advogado | H16: ECV Vistoria Veicular | I16: Posto | J16: Cartório | K16: D & O | L16: Turismo | M16: Diversos
A17: Total | B17: =B46 -> 34 | C17: =C46 -> 3 | D17: =D46 -> 27 | E17: =E46 -> 0 | F17: =F46 -> 0 | G17: =G46 -> 4 | H17: =H46 -> 0 | I17: =I46 -> 0 | ... M17: =M46 -> 20
A18: Estado
A19: AC
A20: AL
A21: AM
A22: AP
A23: BA | L23: 1
A24: CE
A25: DF | B25: 1 | D25: 1
A26: ES
A27: GO
A28: MA
A29: MG | B29: 2 | C29: 1 | D29: 1 | G29: 1 | M29: 1
A30: MS | D30: 3
A31: MT | D31: 2
A32: PA | B32: 1
A33: PB
A34: PE | B34: 1
A35: PI
A36: PR | B36: 1 | M36: 1
A37: RJ | D37: 5 | M37: 3
A38: RN
A39: RO | M39: 2
A40: RR
A41: RS | D41: 1
A42: SC | B42: 14 | D42: 3
A43: SE
A44: SP | B44: 14 | C44: 2 | D44: 11 | G44: 3 | L44: 1 | M44: 13
A45: TO
A46: Total | B46: =SUM(B19:B45) -> 34 | C46: =SUM(C19:C45) -> 3 | D46: =SUM(D19:D45) -> 27 | E46: =SUM(E19:E45) -> 0 | F46: =SUM(F19:F45) -> 0 | G46: =SUM(G19:G45) -> 4 | H46: =SUM(H19:H45) -> 0 | I46: =SUM(I19:I45) -> 0 | ... M46: =SUM(M19:M45) -> 20 | N46: =SUM(B46:M46) -> 90

Sheet Janeiro 2021
A1: ACIONAMENTO - JANEIRO
A2: Regulador/Seguradora | B2: Argo | C2: AIG | D2: AXA | E2: CHUBB | F2: QBE | G2: FATOR | H2: Porto Seguro | I2: Austral | J2: ZURICH | K2: SOMPO | L2: Berkley | M2: HDI | N2: Excelsior | O2: Total
A3: Carlos | B3: 5 | L3: 4 | O3: =SUM(B3:N3) -> 9 | P3: =O3/$O$12 -> 0.15254237 | R3: RCP | S3: 54
A4: Carol | B4: 6 | L4: 1 | O4: =SUM(B4:N4) -> 7 | P4: =O4/$O$12 -> 0.11864407 | R4: Vida | S4: 5
A5: Everton | B5: 10 | O5: =SUM(B5:N5) -> 10 | P5: =O5/$O$12 -> 0.16949153
A6: Karisa | B6: 8 | L6: 1 | O6: =SUM(B6:N6) -> 9 | P6: =O6/$O$12 -> 0.15254237
A7: Teresa | H7: 1 | L7: 4 | N7: 3 | O7: =SUM(B7:N7) -> 8 | P7: =O7/$O$12 -> 0.13559322
A8: Fernanda | H8: 1 | O8: =SUM(B8:N8) -> 1 | P8: =O8/$O$12 -> 0.016949153
A9: João | B9: 4 | L9: 3 | N9: 1 | O9: =SUM(B9:N9) -> 8 | P9: =O9/$O$12 -> 0.13559322
A10: Jéssica Rosa | B10: 4 | L10: 2 | O10: =SUM(B10:N10) -> 6 | P10: =O10/$O$12 -> 0.10169492
A11: Diego | H11: 1 | O11: =SUM(B11:N11) -> 1 | P11: =O11/$O$12 -> 0.016949153
A12: Total | B12: =SUM(B3:B11) -> 37 | C12: =SUM(C3:C11) -> 0 | D12: =SUM(D3:D11) -> 0 | E12: =SUM(E3:E11) -> 0 | F12: =SUM(F3:F11) -> 0 | G12: =SUM(G3:G11) -> 0 | H12: =SUM(H3:H11) -> 3 | I12: =SUM(I3:I11) -> 0 | ... O12: =SUM(O3:O11) -> 59 | P12: =SUM(P2:P11) -> 1
A15: Produto | B15: Contador | C15: Corretor | D15: Médico | E15: Dentista | F15: RCPM | G15: Advogado | H15: ECV Vistoria Veicular | I15: Posto | J15: Cartório | K15: D & O | L15: Turismo | M15: Diversos
A16: Total | B16: =B45 -> 11 | C16: =C45 -> 6 | D16: =D45 -> 20 | E16: =E45 -> 1 | F16: =F45 -> 0 | G16: =G45 -> 4 | H16: =H45 -> 1 | I16: =I45 -> 0 | ... M16: =M45 -> 14
A17: Estado
A18: AC
A19: AL
A20: AM
A21: AP
A22: BA | B22: 1
A23: CE
A24: DF
A25: ES | D25: 1
A26: GO | M26: 1
A27: MA
A28: MG | E28: 1 | M28: 1
A29: MS | C29: 1
A30: MT | D30: 1
A31: PA
A32: PB
A33: PE
A34: PI | M34: 1
A35: PR | B35: 2 | M35: 1
A36: RJ | D36: 6 | L36: 1 | M36: 1
A37: RN
A38: RO
A39: RR
A40: RS | B40: 1 | M40: 3
A41: SC | B41: 1 | C41: 2 | D41: 3 | M41: 1
A42: SE
A43: SP | B43: 6 | C43: 3 | D43: 9 | G43: 4 | H43: 1 | J43: 1 | M43: 5
A44: TO
A45: Total | B45: =SUM(B18:B44) -> 11 | C45: =SUM(C18:C44) -> 6 | D45: =SUM(D18:D44) -> 20 | E45: =SUM(E18:E44) -> 1 | F45: =SUM(F18:F44) -> 0 | G45: =SUM(G18:G44) -> 4 | H45: =SUM(H18:H44) -> 1 | I45: =SUM(I18:I44) -> 0 | ... M45: =SUM(M18:M44) -> 14 | N45: =SUM(B45:M45) -> 59

Sheet Fevereiro 2021
A1: ACIONAMENTO - FEVEREIRO
A2: Regulador/Seguradora | B2: Argo | C2: AIG | D2: AXA | E2: CHUBB | F2: QBE | G2: FATOR | H2: Porto Seguro | I2: Austral | J2: ZURICH | K2: SOMPO | L2: Berkley | M2: HDI | N2: Excelsior | O2: Total
A3: Carlos | B3: 7 | L3: 4 | O3: =SUM(B3:N3) -> 11 | P3: =O3/$O$12 -> 0.18333333
A4: Carol | O4: =SUM(B4:N4) -> 0 | P4: =O4/$O$12 -> 0 | R4: RCP | S4: 59
A5: Everton | B5: 8 | L5: 3 | O5: =SUM(B5:N5) -> 11 | P5: =O5/$O$12 -> 0.18333333 | R5: Vida | S5: 1
A6: Karisa | B6: 12 | L6: 1 | O6: =SUM(B6:N6) -> 13 | P6: =O6/$O$12 -> 0.21666667
A7: Teresa | H7: 2 | L7: 5 | N7: 1 | O7: =SUM(B7:N7) -> 8 | P7: =O7/$O$12 -> 0.13333333
A8: Fernanda | B8: 4 | O8: =SUM(B8:N8) -> 4 | P8: =O8/$O$12 -> 0.066666667
A9: João | O9: =SUM(B9:N9) -> 0 | P9: =O9/$O$12 -> 0
A10: Jéssica Rosa | B10: 7 | L10: 4 | O10: =SUM(B10:N10) -> 11 | P10: =O10/$O$12 -> 0.18333333
A11: Diego | L11: 2 | O11: =SUM(B11:N11) -> 2 | P11: =O11/$O$12 -> 0.033333333
A12: Total | B12: =SUM(B3:B11) -> 38 | C12: =SUM(C3:C11) -> 0 | D12: =SUM(D3:D11) -> 0 | E12: =SUM(E3:E11) -> 0 | F12: =SUM(F3:F11) -> 0 | G12: =SUM(G3:G11) -> 0 | H12: =SUM(H3:H11) -> 2 | I12: =SUM(I3:I11) -> 0 | ... O12: =SUM(O3:O11) -> 60 | P12: =SUM(P2:P11) -> 1
A15: Produto | B15: Contador | C15: Corretor | D15: Médico | E15: Dentista | F15: RCPM | G15: Advogado | H15: ECV Vistoria Veicular | I15: Posto | J15: Cartório | K15: D & O | L15: Turismo | M15: Diversos
A16: Total | B16: =B45 -> 19 | C16: =C45 -> 11 | D16: =D45 -> 14 | E16: =E45 -> 4 | F16: =F45 -> 0 | G16: =G45 -> 0 | H16: =H45 -> 0 | I16: =I45 -> 0 | ... M16: =M45 -> 12
A17: Estado
A18: AC
A19: AL
A20: AM
A21: AP
A22: BA
A23: CE
A24: DF | D24: 1
A25: ES | D25: 1
A26: GO | M26: 1
A27: MA
A28: MG | B28: 2 | C28: 3 | D28: 2
A29: MS | B29: 1 | D29: 2
A30: MT | D30: 1
A31: PA
A32: PB
A33: PE | M33: 1
A34: PI
A35: PR | B35: 2 | E35: 2 | M35: 1
A36: RJ | B36: 1 | D36: 4 | M36: 2
A37: RN | C37: 1
A38: RO | C38: 1
A39: RR
A40: RS | B40: 5 | C40: 1 | E40: 1
A41: SC | B41: 4 | C41: 1 | D41: 1 | E41: 1 | M41: 1
A42: SE
A43: SP | B43: 4 | C43: 4 | D43: 2 | M43: 6
A44: TO
A45: Total | B45: =SUM(B18:B44) -> 19 | C45: =SUM(C18:C44) -> 11 | D45: =SUM(D18:D44) -> 14 | E45: =SUM(E18:E44) -> 4 | F45: =SUM(F18:F44) -> 0 | G45: =SUM(G18:G44) -> 0 | H45: =SUM(H18:H44) -> 0 | I45: =SUM(I18:I44) -> 0 | ... M45: =SUM(M18:M44) -> 12 | N45: =SUM(B45:M45) -> 60

Sheet Março 2021
A1: ACIONAMENTO - MARÇO
A2: Regulador/Seguradora | B2: Argo | C2: AIG | D2: AXA | E2: CHUBB | F2: QBE | G2: FATOR | H2: Porto Seguro | I2: Austral | J2: ZURICH | K2: SOMPO | L2: Berkley | M2: HDI | N2: Excelsior | O2: Total
A3: Carlos | B3: 11 | L3: 4 | O3: =SUM(B3:N3) -> 15 | P3: =O3/$O$17 -> 0.17045455
A4: Carol | O4: =SUM(B4:N4) -> 0 | P4: =O4/$O$17 -> 0 | R4: RCP | S4: 78
A5: Everton | B5: 18 | O5: =SUM(B5:N5) -> 18 | P5: =O5/$O$17 -> 0.20454545 | R5: Vida | S5: 10
A6: Karisa | B6: 13 | I6: 2 | N6: 1 | O6: =SUM(B6:N6) -> 16 | P6: =O6/$O$17 -> 0.18181818
A7: Teresa | H7: 2 | L7: 2 | N7: 3 | O7: =SUM(B7:N7) -> 7 | P7: =O7/$O$17 -> 0.079545455
A8: Fernanda | B8: 1 | O8: =SUM(B8:N8) -> 1 | P8: =O8/$O$17 -> 0.011363636
A9: Evandro | B9: 2 | K9: 1 | L9: 2 | N9: 1 | O9: =SUM(B9:N9) -> 6 | P9: =O9/$O$17 -> 0.068181818
A10: Jéssica Rosa | B10: 10 | K10: 1 | L10: 1 | N10: 5 | O10: =SUM(B10:N10) -> 17 | P10: =O10/$O$17 -> 0.19318182
A11: Flávio SP4 | B11: 1 | K11: 1 | O11: =SUM(B11:N11) -> 2 | P11: =O11/$O$17 -> 0.022727273
A12: Pedro SP4 | B12: 2 | O12: =SUM(B12:N12) -> 2 | P12: =O12/$O$17 -> 0.022727273
A13: João SP4 | B13: 1 | O13: =SUM(B13:N13) -> 1 | P13: =O13/$O$17 -> 0.011363636
A14: Luís SP4 | B14: 1 | O14: =SUM(B14:N14) -> 1 | P14: =O14/$O$17 -> 0.011363636
A15: Luana SP4 | B15: 1 | O15: =SUM(B15:N15) -> 1 | P15: =O15/$O$17 -> 0.011363636
A16: Diego | N16: 1 | O16: =SUM(B16:N16) -> 1 | P16: =O16/$O$17 -> 0.011363636
A17: Total | B17: =SUM(B3:B16) -> 61 | C17: =SUM(C3:C16) -> 0 | D17: =SUM(D3:D16) -> 0 | E17: =SUM(E3:E16) -> 0 | F17: =SUM(F3:F16) -> 0 | G17: =SUM(G3:G16) -> 0 | H17: =SUM(H3:H16) -> 2 | I17: =SUM(I3:I16) -> 2 | ... O17: =SUM(O3:O16) -> 88 | P17: =SUM(P2:P16) -> 1
A20: Produto | B20: Contador | C20: Corretor | D20: Médico | E20: Dentista | F20: RCPM | G20: Advogado | H20: ECV Vistoria Veicular | I20: Posto | J20: Cartório | K20: D & O | L20: Turismo | M20: Diversos
A21: Total | B21: =B50 -> 19 | C21: =C50 -> 7 | D21: =D50 -> 31 | E21: =E50 -> 10 | F21: =F50 -> 0 | G21: =G50 -> 2 | H21: =H50 -> 0 | I21: =I50 -> 1 | ... M21: =M50 -> 12
A22: Estado
A23: AC
A24: AL | M24: 2
A25: AM
A26: AP
A27: BA | M27: 2
A28: CE | M28: 1
A29: DF
A30: ES
A31: GO | D31: 1 | J31: 1
A32: MA
A33: MG | B33: 3 | C33: 3 | D33: 2
A34: MS | D34: 3
A35: MT | B35: 1 | D35: 1
A36: PA
A37: PB
A38: PE | M38: 1
A39: PI
A40: PR | B40: 2 | D40: 2 | E40: 1 | G40: 2 | M40: 2
A41: RJ | B41: 1 | D41: 7 | E41: 3 | M41: 2
A42: RN
A43: RO
A44: RR
A45: RS | D45: 1
A46: SC | B46: 5 | C46: 1 | D46: 2 | E46: 1 | I46: 1 | M46: 1
A47: SE
A48: SP | B48: 7 | C48: 2 | D48: 12 | E48: 5 | J48: 1 | L48: 1 | M48: 1
A49: TO | C49: 1
A50: Total | B50: =SUM(B23:B49) -> 19 | C50: =SUM(C23:C49) -> 7 | D50: =SUM(D23:D49) -> 31 | E50: =SUM(E23:E49) -> 10 | F50: =SUM(F23:F49) -> 0 | G50: =SUM(G23:G49) -> 2 | H50: =SUM(H23:H49) -> 0 | I50: =SUM(I23:I49) -> 1 | ... M50: =SUM(M23:M49) -> 12 | N50: =SUM(B50:M50) -> 85

Sheet Abril 2021
A1: ACIONAMENTO - ABRIL
A2: Regulador/Seguradora | B2: Argo | C2: AIG | D2: AXA | E2: CHUBB | F2: QBE | G2: FATOR | H2: Porto Seguro | I2: Austral | J2: ZURICH | K2: SOMPO | L2: Berkley | M2: HDI | N2: Excelsior | O2: Total
A3: Carlos | B3: 2 | K3: 1 | L3: 2 | O3: =SUM(B3:N3) -> 5 | P3: =O3/$O$16 -> 0.058139535
A4: Everton | B4: 6 | K4: 3 | O4: =SUM(B4:N4) -> 9 | P4: =O4/$O$16 -> 0.10465116 | R4: RCP | S4: 83
A5: Karisa | B5: 10 | N5: 1 | O5: =SUM(B5:N5) -> 11 | P5: =O5/$O$16 -> 0.12790698 | R5: Vida | S5: 3
A6: Teresa | H6: 11 | K6: 3 | L6: 1 | O6: =SUM(B6:N6) -> 15 | P6: =O6/$O$16 -> 0.1744186
A7: Fernanda | B7: 4 | H7: 1 | K7: 1 | L7: 2 | O7: =SUM(B7:N7) -> 8 | P7: =O7/$O$16 -> 0.093023256
A8: Evandro | B8: 7 | N8: 1 | O8: =SUM(B8:N8) -> 8 | P8: =O8/$O$16 -> 0.093023256
A9: Jéssica Rosa | B9: 1 | F9: 1 | K9: 6 | N9: 2 | O9: =SUM(B9:N9) -> 10 | P9: =O9/$O$16 -> 0.11627907
A10: Flávio SP4 | B10: 3 | K10: 1 | L10: 1 | O10: =SUM(B10:N10) -> 5 | P10: =O10/$O$16 -> 0.058139535
A11: Pedro SP4 | B11: 1 | O11: =SUM(B11:N11) -> 1 | P11: =O11/$O$16 -> 0.011627907
A12: João SP4 | O12: =SUM(B12:N12) -> 0 | P12: =O12/$O$16 -> 0
A13: Luís SP4 | B13: 3 | O13: =SUM(B13:N13) -> 3 | P13: =O13/$O$16 -> 0.034883721
A14: Luana SP4 | B14: 11 | O14: =SUM(B14:N14) -> 11 | P14: =O14/$O$16 -> 0.12790698
A15: Diego | O15: =SUM(B15:N15) -> 0 | P15: =O15/$O$16 -> 0
A16: Total | B16: =SUM(B3:B15) -> 48 | C16: =SUM(C3:C15) -> 0 | D16: =SUM(D3:D15) -> 0 | E16: =SUM(E3:E15) -> 0 | F16: =SUM(F3:F15) -> 1 | G16: =SUM(G3:G15) -> 0 | H16: =SUM(H3:H15) -> 12 | I16: =SUM(I3:I15) -> 0 | ... O16: =SUM(O3:O15) -> 86 | P16: =SUM(P2:P15) -> 1
A19: Produto | B19: Contador | C19: Corretor | D19: Médico | E19: Dentista | F19: RCPM | G19: Advogado | H19: ECV Vistoria Veicular | I19: Posto | J19: Cartório | K19: D & O | L19: Turismo | M19: Diversos
A20: Total | B20: =B49 -> 27 | C20: =C49 -> 8 | D20: =D49 -> 29 | E20: =E49 -> 2 | F20: =F49 -> 0 | G20: =G49 -> 3 | H20: =H49 -> 0 | I20: =I49 -> 0 | ... M20: =M49 -> 10
A21: Estado
A22: AC
A23: AL
A24: AM | D24: 1
A25: AP
A26: BA | C26: 1 | M26: 1
A27: CE
A28: DF | C28: 1 | M28: 1
A29: ES | B29: 1 | L29: 1
A30: GO | B30: 2 | D30: 2
A31: MA
A32: MG | B32: 1 | C32: 1 | D32: 2 | J32: 2 | M32: 2
A33: MS | D33: 1
A34: MT | C34: 2
A35: PA
A36: PB
A37: PE | M37: 1
A38: PI
A39: PR | B39: 3 | E39: 1 | G39: 3 | M39: 1
A40: RJ | B40: 1 | D40: 13 | J40: 1
A41: RN | L41: 1
A42: RO | C42: 1
A43: RR
A44: RS | B44: 5
A45: SC | B45: 8 | D45: 7
A46: SE
A47: SP | B47: 6 | C47: 2 | D47: 3 | E47: 1 | J47: 1 | M47: 4
A48: TO
A49: Total | B49: =SUM(B22:B48) -> 27 | C49: =SUM(C22:C48) -> 8 | D49: =SUM(D22:D48) -> 29 | E49: =SUM(E22:E48) -> 2 | F49: =SUM(F22:F48) -> 0 | G49: =SUM(G22:G48) -> 3 | H49: =SUM(H22:H48) -> 0 | I49: =SUM(I22:I48) -> 0 | ... M49: =SUM(M22:M48) -> 10 | N49: =SUM(B49:M49) -> 85

Sheet Maio 2021
A1: ACIONAMENTO - MAIO
A2: Regulador/Seguradora | B2: Argo | C2: AIG | D2: AXA | E2: CHUBB | F2: QBE | G2: FATOR | H2: Porto Seguro | I2: Austral | J2: ZURICH | K2: SOMPO | L2: Berkley | M2: HDI | N2: Excelsior | O2: Fairfax | P2: Total
A3: Everton | B3: 9 | L3: 1 | O3: 1 | P3: =SUM(B3:O3) -> 11 | Q3: =P3/$P$11 -> 0.16176471 | S3: RCP | T3: 66
A4: Karisa | B4: 12 | P4: =SUM(B4:O4) -> 12 | Q4: =P4/$P$11 -> 0.17647059 | S4: Vida | T4: 2
A5: Teresa | H5: 4 | K5: 2 | L5: 1 | N5: 1 | P5: =SUM(B5:O5) -> 8 | Q5: =P5/$P$11 -> 0.11764706
A6: Kênia | L6: 1 | P6: =SUM(B6:O6) -> 1 | Q6: =P6/$P$11 -> 0.014705882
A7: Fernanda | B7: 8 | H7: 1 | K7: 1 | L7: 2 | P7: =SUM(B7:O7) -> 12 | Q7: =P7/$P$11 -> 0.17647059
A8: Evandro | B8: 11 | L8: 1 | P8: =SUM(B8:O8) -> 12 | Q8: =P8/$P$11 -> 0.17647059
A9: Jéssica Rosa | B9: 6 | K9: 4 | L9: 1 | N9: 1 | P9: =SUM(B9:O9) -> 12 | Q9: =P9/$P$11 -> 0.17647059
A10: Diego | P10: =SUM(B10:O10) -> 0 | Q10: =P10/$P$11 -> 0
A11: Total | B11: =SUM(B3:B10) -> 46 | C11: =SUM(C3:C10) -> 0 | D11: =SUM(D3:D10) -> 0 | E11: =SUM(E3:E10) -> 0 | F11: =SUM(F3:F10) -> 0 | G11: =SUM(G3:G10) -> 0 | H11: =SUM(H3:H10) -> 5 | I11: =SUM(I3:I10) -> 0 | ... P11: =SUM(P3:P10) -> 68 | Q11: =SUM(Q2:Q10) -> 1
A14: Produto | B14: Contador | C14: Corretor | D14: Médico | E14: Dentista | F14: RCPM | G14: Advogado | H14: ECV Vistoria Veicular | I14: Posto | J14: Cartório | K14: D & O | L14: Turismo | M14: Vida | N14: Diversos
A15: Total | B15: =B44 -> 20 | C15: =C44 -> 11 | D15: =D44 -> 21 | E15: =E44 -> 4 | F15: =F44 -> 0 | G15: =G44 -> 2 | H15: =H44 -> 0 | I15: =I44 -> 0 | ... N15: =N44 -> 3
A16: Estado
A17: AC | B17: 1
A18: AL | C18: 1
A19: AM
A20: AP
A21: BA
A22: CE
A23: DF | B23: 1
A24: ES | C24: 1 | E24: 1
A25: GO | C25: 1
A26: MA | D26: 1
A27: MG | C27: 1
A28: MS | B28: 1 | D28: 3
A29: MT | C29: 1
A30: PA | J30: 1
A31: PB
A32: PE | B32: 1
A33: PI
A34: PR | B34: 2 | E34: 1 | G34: 1 | N34: 1
A35: RJ | D35: 5 | L35: 1
A36: RN | M36: 1
A37: RO
A38: RR
A39: RS | B39: 5 | D39: 5
A40: SC | B40: 5 | C40: 1 | D40: 2
A41: SE
A42: SP | B42: 4 | C42: 5 | D42: 5 | E42: 2 | G42: 1 | M42: 1 | N42: 2
A43: TO
A44: Total | B44: =SUM(B17:B43) -> 20 | C44: =SUM(C17:C43) -> 11 | D44: =SUM(D17:D43) -> 21 | E44: =SUM(E17:E43) -> 4 | F44: =SUM(F17:F43) -> 0 | G44: =SUM(G17:G43) -> 2 | H44: =SUM(H17:H43) -> 0 | I44: =SUM(I17:I43) -> 0 | ... N44: =SUM(N17:N43) -> 3 | O44: =SUM(B44:N44) -> 65

Sheet Junho 2021
A1: ACIONAMENTO - JUNHO
A2: Regulador/Seguradora | B2: Argo Bike | C2: Argo | D2: AIG | E2: AXA | F2: CHUBB | G2: QBE | H2: FATOR | I2: Porto Seguro | J2: Austral | K2: ZURICH | L2: SOMPO | M2: Berkley | N2: HDI | O2: Excelsior | P2: Fairfax | Q2: Total
A3: Everton | C3: 9 | M3: 2 | Q3: =SUM(B3:P3) -> 11 | R3: =Q3/$Q$12 -> 0.10377358 | T3: RCP | U3: 72
A4: Vitor | C4: 10 | L4: 1 | Q4: =SUM(B4:P4) -> 11 | R4: =Q4/$Q$12 -> 0.10377358 | T4: BIKE | U4: 32
A5: Karisa | C5: 9 | I5: 2 | J5: 1 | O5: 1 | Q5: =SUM(B5:P5) -> 13 | R5: =Q5/$Q$12 -> 0.12264151 | T5: VIDA | U5: 2
A6: Teresa | I6: 6 | L6: 1 | M6: 6 | Q6: =SUM(B6:P6) -> 13 | R6: =Q6/$Q$12 -> 0.12264151 | U6: =SUM(U3:U5) -> 106
A7: Kênia | C7: 10 | M7: 2 | Q7: =SUM(B7:P7) -> 12 | R7: =Q7/$Q$12 -> 0.11320755
A8: Fernanda | I8: 1 | Q8: =SUM(B8:P8) -> 1 | R8: =Q8/$Q$12 -> 0.0094339623
A9: Evandro | B9: 32 | C9: 1 | Q9: =SUM(B9:P9) -> 33 | R9: =Q9/$Q$12 -> 0.31132075
A10: Jéssica Rosa | C10: 7 | L10: 3 | O10: 1 | Q10: =SUM(B10:P10) -> 11 | R10: =Q10/$Q$12 -> 0.10377358
A11: Diego | E11: 1 | Q11: =SUM(B11:P11) -> 1 | R11: =Q11/$Q$12 -> 0.0094339623
A12: Total | B12: =SUM(B3:B11) -> 32 | C12: =SUM(C3:C11) -> 46 | D12: =SUM(D3:D11) -> 0 | E12: =SUM(E3:E11) -> 1 | F12: =SUM(F3:F11) -> 0 | G12: =SUM(G3:G11) -> 0 | H12: =SUM(H3:H11) -> 0 | I12: =SUM(I3:I11) -> 9 | ... Q12: =SUM(Q3:Q11) -> 106 | R12: =SUM(R2:R11) -> 1
A15: Produto | B15: Bike | C15: Contador | D15: Corretor | E15: Médico | F15: Dentista | G15: RCPM | H15: Advogado | I15: ECV Vistoria Veicular | J15: Posto | K15: Cartório | L15: D & O | M15: Turismo | N15: Vida | O15: Diversos
A16: Total | B16: =B45 -> 31 | C16: =C45 -> 21 | D16: =D45 -> 2 | E16: =E45 -> 31 | F16: =F45 -> 5 | G16: =G45 -> 0 | H16: =H45 -> 2 | I16: =I45 -> 0 | ... O16: =O45 -> 7
A17: Estado
A18: AC
A19: AL | T19: bike
A20: AM | E20: 1
A21: AP
A22: BA | B22: 3 | E22: 1
A23: CE | B23: 1 | O23: 1
A24: DF | H24: 1
A25: ES | B25: 1 | E25: 1
A26: GO | B26: 1 | C26: 1
A27: MA
A28: MG | B28: 3 | C28: 3 | F28: 1
A29: MS | B29: 1 | E29: 2
A30: MT | D30: 1
A31: PA | B31: 2 | K31: 1
A32: PB | B32: 1
A33: PE | B33: 2 | C33: 1
A34: PI
A35: PR | B35: 1 | C35: 1 | E35: 1 | H35: 1 | M35: 2 | O35: 1
A36: RJ | B36: 1 | E36: 10 | F36: 1
A37: RN
A38: RO
A39: RR
A40: RS | B40: 1 | C40: 1
A41: SC | B41: 1 | C41: 6 | E41: 3 | F41: 2 | N41: 1
A42: SE
A43: SP | B43: 12 | C43: 8 | D43: 1 | E43: 12 | F43: 1 | K43: 1 | N43: 1 | O43: 5
A44: TO
A45: Total | B45: =SUM(B18:B44) -> 31 | C45: =SUM(C18:C44) -> 21 | D45: =SUM(D18:D44) -> 2 | E45: =SUM(E18:E44) -> 31 | F45: =SUM(F18:F44) -> 5 | G45: =SUM(G18:G44) -> 0 | H45: =SUM(H18:H44) -> 2 | I45: =SUM(I18:I44) -> 0 | ... O45: =SUM(O18:O44) -> 7 | P45: =SUM(B45:O45) -> 105

Sheet Julho 2021
A1: ACIONAMENTO - JULHO
A2: Regulador/Seguradora | B2: Argo Bike | C2: RC Condutor | D2: Argo | E2: AIG | F2: AXA | G2: CHUBB | H2: QBE | I2: FATOR | J2: Porto Seguro | K2: Austral | L2: ZURICH | M2: SOMPO | N2: Berkley | O2: HDI | P2: Excelsior | Q2: Fairfax | R2: Total
A3: Everton | D3: 5 | N3: 2 | R3: =SUM(B3:Q3) -> 7 | S3: =R3/$R$13 -> 0.07 | U3: RCP | V3: 71
A4: Vitor | C4: 1 | D4: 6 | M4: 2 | N4: 2 | R4: =SUM(B4:Q4) -> 11 | S4: =R4/$R$13 -> 0.11 | U4: BIKE | V4: 27
A5: Karisa | D5: 11 | J5: 1 | R5: =SUM(B5:Q5) -> 12 | S5: =R5/$R$13 -> 0.12 | U5: RC CONDUTOR | V5: 1
A6: Teresa | D6: 4 | J6: 3 | M6: 2 | N6: 4 | R6: =SUM(B6:Q6) -> 13 | S6: =R6/$R$13 -> 0.13 | U6: VIDA | V6: 1
A7: Kênia | D7: 9 | R7: =SUM(B7:Q7) -> 9 | S7: =R7/$R$13 -> 0.09 | V7: =SUM(V3:V6) -> 100
A8: Fernanda | R8: =SUM(B8:Q8) -> 0 | S8: =R8/$R$13 -> 0
A9: Evandro | B9: 27 | R9: =SUM(B9:Q9) -> 27 | S9: =R9/$R$13 -> 0.27
A10: Jéssica Rosa | D10: 3 | M10: 1 | N10: 3 | P10: 2 | R10: =SUM(B10:Q10) -> 9 | S10: =R10/$R$13 -> 0.09
A11: Maria Beatriz | D11: 7 | M11: 3 | N11: 2 | R11: =SUM(B11:Q11) -> 12 | S11: =R11/$R$13 -> 0.12
A12: Diego | R12: =SUM(B12:Q12) -> 0 | S12: =R12/$R$13 -> 0
A13: Total | B13: =SUM(B3:B12) -> 27 | C13: =SUM(C3:C12) -> 1 | D13: =SUM(D3:D12) -> 45 | E13: =SUM(E3:E12) -> 0 | F13: =SUM(F3:F12) -> 0 | G13: =SUM(G3:G12) -> 0 | H13: =SUM(H3:H12) -> 0 | I13: =SUM(I3:I12) -> 0 | ... R13: =SUM(R3:R12) -> 100 | S13: =SUM(S2:S12) -> 1
A16: Produto | B16: Bike | C16: RC Condutor | D16: Contador | E16: Corretor | F16: Médico | G16: Dentista | H16: RCPM | I16: Advogado | J16: ECV Vistoria Veicular | K16: Posto | L16: Cartório | M16: D & O | N16: Turismo | O16: Vida | P16: Diversos
A17: Total | B17: =B46 -> 23 | C17: =C46 | D17: =D46 -> 23 | E17: =E46 -> 9 | F17: =F46 -> 13 | G17: =G46 -> 3 | H17: =H46 -> 0 | I17: =I46 -> 3 | ... P17: =P46 -> 3
A18: Estado
A19: AC
A20: AL
A21: AM
A22: AP
A23: BA | B23: 1
A24: CE
A25: DF | B25: 1 | E25: 1
A26: ES | B26: 2 | G26: 1
A27: GO | D27: 1 | P27: 1
A28: MA
A29: MG | B29: 3 | D29: 2 | E29: 1 | F29: 1 | G29: 1
A30: MS | D30: 1 | F30: 1
A31: MT | D31: 1
A32: PA | L32: 1
A33: PB | D33: 1
A34: PE | B34: 1 | D34: 1 | O34: 1
A35: PI
A36: PR | B36: 6 | D36: 3 | I36: 1
A37: RJ | B37: 1 | F37: 4 | G37: 1
A38: RN
A39: RO
A40: RR
A41: RS | F41: 1 | P41: 1
A42: SC | D42: 8 | F42: 1 | K42: 1
A43: SE
A44: SP | B44: 8 | D44: 5 | E44: 7 | F44: 5 | I44: 2 | P44: 1
A45: TO
A46: Total | B46: =SUM(B19:B45) -> 23 | D46: =SUM(D19:D45) -> 23 | E46: =SUM(E19:E45) -> 9 | F46: =SUM(F19:F45) -> 13 | G46: =SUM(G19:G45) -> 3 | H46: =SUM(H19:H45) -> 0 | I46: =SUM(I19:I45) -> 3 | J46: =SUM(J19:J45) -> 0 | K46: =SUM(K19:K45) -> 1 | ... P46: =SUM(P19:P45) -> 3 | Q46: =SUM(B46:P46) -> 80

Sheet Agosto 2021
A1: ACIONAMENTO - AGOSTO
A2: Regulador/Seguradora | B2: Argo Bike | C2: Argo Condutor | D2: Argo | E2: AIG | F2: AXA | G2: CHUBB | H2: QBE | I2: FATOR | J2: Porto Seguro | K2: Austral | L2: ZURICH | M2: SOMPO | N2: Berkley | O2: HDI | P2: Excelsior | Q2: Fairfax | R2: Total
A3: Everton | D3: 1 | R3: =SUM(B3:Q3) -> 1 | S3: =R3/$R$13 -> 0.0089285714 | U3: RCP | V3: =SUM(D13:O13)+Q13 -> 72
A4: Vitor | C4: 1 | D4: 8 | M4: 2 | R4: =SUM(B4:Q4) -> 11 | S4: =R4/$R$13 -> 0.098214286 | U4: VIDA | V4: =P13 -> 0
A5: Karisa | D5: 13 | F5: 1 | R5: =SUM(B5:Q5) -> 14 | S5: =R5/$R$13 -> 0.125 | U5: BIKE | V5: =B13 -> 39
A6: Teresa | D6: 3 | J6: 9 | M6: 1 | R6: =SUM(B6:Q6) -> 13 | S6: =R6/$R$13 -> 0.11607143 | U6: CONDUTOR | V6: =C13 -> 1
A7: Kênia | D7: 13 | R7: =SUM(B7:Q7) -> 13 | S7: =R7/$R$13 -> 0.11607143 | V7: =SUM(V3:V6) -> 112
A8: Fernanda | D8: 6 | M8: 2 | R8: =SUM(B8:Q8) -> 8 | S8: =R8/$R$13 -> 0.071428571
A9: Evandro | B9: 39 | R9: =SUM(B9:Q9) -> 39 | S9: =R9/$R$13 -> 0.34821429
A10: Jéssica Rosa | R10: =SUM(B10:Q10) -> 0 | S10: =R10/$R$13 -> 0
A11: Maria Beatriz | D11: 7 | M11: 5 | N11: 1 | R11: =SUM(B11:Q11) -> 13 | S11: =R11/$R$13 -> 0.11607143
A12: Diego | R12: =SUM(B12:Q12) -> 0 | S12: =R12/$R$13 -> 0
A13: Total | B13: =SUM(B3:B12) -> 39 | C13: =SUM(C3:C12) -> 1 | D13: =SUM(D3:D12) -> 51 | E13: =SUM(E3:E12) -> 0 | F13: =SUM(F3:F12) -> 1 | G13: =SUM(G3:G12) -> 0 | H13: =SUM(H3:H12) -> 0 | I13: =SUM(I3:I12) -> 0 | ... R13: =SUM(R3:R12) -> 112 | S13: =R13/$R$13 -> 1
A16: Produto | B16: Bike | C16: Condutor | D16: Contador | E16: Corretor | F16: Médico | G16: Dentista | H16: RCPM | I16: Advogado | J16: ECV Vistoria Veicular | K16: Posto | L16: Cartório | M16: D & O | N16: Turismo | O16: Vida | P16: Diversos
A17: Total | B17: =B46 -> 39 | C17: =C46 -> 1 | D17: =D46 -> 19 | E17: =E46 -> 10 | F17: =F46 -> 18 | G17: =G46 -> 6 | H17: =H46 -> 0 | I17: =I46 -> 5 | ... P17: =P46 -> 10
A18: Estado
A19: AC
A20: AL | D20: 1
A21: AM
A22: AP
A23: BA | P23: 1
A24: CE
A25: DF | B25: 2
A26: ES
A27: GO | I27: 1
A28: MA
A29: MG | B29: 2 | D29: 2 | E29: 2 | G29: 1 | L29: 1
A30: MS | D30: 1 | F30: 3
A31: MT
A32: PA
A33: PB | B33: 2
A34: PE | B34: 5
A35: PI
A36: PR | B36: 5 | D36: 1 | E36: 2 | F36: 2 | G36: 1 | I36: 2 | N36: 1 | P36: 1
A37: RJ | B37: 1 | C37: 1 | D37: 1 | F37: 3 | G37: 2
A38: RN
A39: RO
A40: RR
A41: RS | B41: 2 | D41: 1 | E41: 1 | P41: 1
A42: SC | B42: 1 | D42: 4 | E42: 1 | F42: 2
A43: SE
A44: SP | B44: 19 | D44: 8 | E44: 4 | F44: 8 | G44: 2 | I44: 1 | L44: 2 | P44: 7
A45: TO | I45: 1
A46: Total | B46: =SUM(B19:B45) -> 39 | C46: =SUM(C19:C45) -> 1 | D46: =SUM(D19:D45) -> 19 | E46: =SUM(E19:E45) -> 10 | F46: =SUM(F19:F45) -> 18 | G46: =SUM(G19:G45) -> 6 | H46: =SUM(H19:H45) -> 0 | I46: =SUM(I19:I45) -> 5 | ... P46: =SUM(P19:P45) -> 10 | R46: =SUM(B46:P46) -> 112

Sheet Setembro 2021
A1: ACIONAMENTO - SETEMBRO
A2: Regulador/Seguradora | B2: Argo Bike | C2: Argo Condutor | D2: Argo | E2: AIG | F2: AXA | G2: CHUBB | H2: QBE | I2: FATOR | J2: Porto Seguro | K2: Austral | L2: ZURICH | M2: SOMPO | N2: Berkley | O2: Berkley Vida | P2: HDI | Q2: Excelsior Vida | R2: Excelsior RCP | S2: Fairfax | T2: Total
A3: Everton | D3: 8 | M3: 1 | T3: =SUM(B3:S3) -> 9 | U3: =T3/$T$13 -> 0.078947368 | W3: RCP | X3: =SUM(D13:N13)+P13+R13+S13 -> 67
A4: Vitor | C4: 1 | D4: 8 | T4: =SUM(B4:S4) -> 9 | U4: =T4/$T$13 -> 0.078947368 | W4: VIDA | X4: =O13+Q13 -> 4
A5: Karisa | D5: 9 | T5: =SUM(B5:S5) -> 9 | U5: =T5/$T$13 -> 0.078947368 | W5: BIKE | X5: =B13 -> 42
A6: Teresa | D6: 1 | J6: 5 | M6: 2 | N6: 1 | T6: =SUM(B6:S6) -> 9 | U6: =T6/$T$13 -> 0.078947368 | W6: CONDUTOR | X6: =C13 -> 1
A7: Kênia | D7: 9 | T7: =SUM(B7:S7) -> 9 | U7: =T7/$T$13 -> 0.078947368 | X7: =SUM(X3:X6) -> 114
A8: Fernanda | D8: 6 | F8: 2 | J8: 1 | T8: =SUM(B8:S8) -> 9 | U8: =T8/$T$13 -> 0.078947368
A9: Evandro | B9: 42 | D9: 1 | T9: =SUM(B9:S9) -> 43 | U9: =T9/$T$13 -> 0.37719298
A10: Jéssica Rosa | D10: 4 | O10: 1 | Q10: 3 | R10: 1 | T10: =SUM(B10:S10) -> 9 | U10: =T10/$T$13 -> 0.078947368
A11: Maria Beatriz | D11: 7 | M11: 1 | T11: =SUM(B11:S11) -> 8 | U11: =T11/$T$13 -> 0.070175439
A12: Diego | T12: =SUM(B12:S12) -> 0 | U12: =T12/$T$13 -> 0
A13: Total | B13: =SUM(B3:B12) -> 42 | C13: =SUM(C3:C12) -> 1 | D13: =SUM(D3:D12) -> 53 | E13: =SUM(E3:E12) -> 0 | F13: =SUM(F3:F12) -> 2 | G13: =SUM(G3:G12) -> 0 | H13: =SUM(H3:H12) -> 0 | I13: =SUM(I3:I12) -> 0 | ... T13: =SUM(T3:T12) -> 114 | U13: =T13/$T$13 -> 1
A16: Produto | B16: Bike | C16: Condutor | D16: Contador | E16: Corretor | F16: Médico | G16: Dentista | H16: RCPM | I16: Advogado | J16: ECV Vistoria Veicular | K16: Posto | L16: Cartório | M16: D & O | N16: Turismo | O16: Vida | P16: Diversos
A17: Total | B17: =B46 -> 42 | C17: =C46 -> 1 | D17: =D46 -> 10 | E17: =E46 -> 8 | F17: =F46 -> 31 | G17: =G46 -> 7 | H17: =H46 -> 0 | I17: =I46 -> 2 | ... P17: =P46 -> 7
A18: Estado
A19: AC
A20: AL
A21: AM | G21: 1
A22: AP
A23: BA | B23: 2 | E23: 1 | F23: 1
A24: CE | B24: 2
A25: DF
A26: ES | B26: 2 | F26: 1 | G26: 1
A27: GO | B27: 2
A28: MA | B28: 1
A29: MG | B29: 4 | F29: 2 | G29: 1 | P29: 1
A30: MS | F30: 3
A31: MT | D31: 1 | E31: 1 | P31: 1
A32: PA | B32: 1
A33: PB | B33: 1
A34: PE | B34: 2
A35: PI
A36: PR | B36: 3 | D36: 3 | F36: 1
A37: RJ | B37: 6 | E37: 1 | F37: 7 | G37: 3 | L37: 2
A38: RN | B38: 1
A39: RO | B39: 1
A40: RR
A41: RS | B41: 2 | E41: 2 | F41: 3 | I41: 1
A42: SC | D42: 2 | E42: 1 | F42: 3
A43: SE | F43: 1
A44: SP | B44: 12 | C44: 1 | D44: 4 | E44: 2 | F44: 9 | G44: 1 | I44: 1 | L44: 1 | O44: 3 | P44: 5
A45: TO
A46: Total | B46: =SUM(B19:B45) -> 42 | C46: =SUM(C19:C45) -> 1 | D46: =SUM(D19:D45) -> 10 | E46: =SUM(E19:E45) -> 8 | F46: =SUM(F19:F45) -> 31 | G46: =SUM(G19:G45) -> 7 | H46: =SUM(H19:H45) -> 0 | I46: =SUM(I19:I45) -> 2 | ... P46: =SUM(P19:P45) -> 7 | S46: =SUM(B46:P46) -> 114

Sheet Outubro 2021
A1: ACIONAMENTO - OUTUBRO
A2: Regulador/Seguradora | B2: Argo Bike | C2: Argo Condutor | D2: Argo | E2: AIG | F2: AXA | G2: CHUBB | H2: QBE | I2: FATOR | J2: Porto Seguro | K2: Austral | L2: ZURICH | M2: SOMPO | N2: Berkley | O2: Berkley Vida | P2: HDI | Q2: Excelsior Vida | R2: Excelsior RCP | S2: Fairfax | T2: Total
A3: Everton | D3: 11 | T3: =SUM(B3:S3) -> 11 | U3: =T3/$T$13 -> 0.092436975 | W3: RCP | X3: =SUM(D13:N13)+P13+R13+S13 -> 72
A4: Vitor | C4: 1 | D4: 9 | T4: =SUM(B4:S4) -> 10 | U4: =T4/$T$13 -> 0.084033613 | W4: VIDA | X4: =O13+Q13 -> 3
A5: Karisa | D5: 5 | F5: 1 | Q5: 2 | T5: =SUM(B5:S5) -> 8 | U5: =T5/$T$13 -> 0.067226891 | W5: BIKE | X5: =B13 -> 43
A6: Teresa | J6: 2 | T6: =SUM(B6:S6) -> 2 | U6: =T6/$T$13 -> 0.016806723 | W6: CONDUTOR | X6: =C13 -> 1
A7: Kênia | D7: 10 | T7: =SUM(B7:S7) -> 10 | U7: =T7/$T$13 -> 0.084033613 | X7: =SUM(X3:X6) -> 119
A8: Fernanda | B8: 1 | D8: 8 | J8: 6 | T8: =SUM(B8:S8) -> 15 | U8: =T8/$T$13 -> 0.12605042
A9: Evandro | B9: 42 | T9: =SUM(B9:S9) -> 42 | U9: =T9/$T$13 -> 0.35294118
A10: Jéssica Rosa | D10: 7 | J10: 2 | M10: 1 | Q10: 1 | T10: =SUM(B10:S10) -> 11 | U10: =T10/$T$13 -> 0.092436975
A11: Maria Beatriz | D11: 9 | M11: 1 | T11: =SUM(B11:S11) -> 10 | U11: =T11/$T$13 -> 0.084033613
A12: Diego | T12: =SUM(B12:S12) -> 0 | U12: =T12/$T$13 -> 0
A13: Total | B13: =SUM(B3:B12) -> 43 | C13: =SUM(C3:C12) -> 1 | D13: =SUM(D3:D12) -> 59 | E13: =SUM(E3:E12) -> 0 | F13: =SUM(F3:F12) -> 1 | G13: =SUM(G3:G12) -> 0 | H13: =SUM(H3:H12) -> 0 | I13: =SUM(I3:I12) -> 0 | ... T13: =SUM(T3:T12) -> 119 | U13: =T13/$T$13 -> 1
A16: Produto | B16: Bike | C16: Condutor | D16: Contador | E16: Corretor | F16: Médico | G16: Dentista | H16: RCPM | I16: Advogado | J16: ECV Vistoria Veicular | K16: Posto | L16: Cartório | M16: D & O | N16: Turismo | O16: Vida | P16: Diversos
A17: Total | B17: =B46 -> 42 | C17: =C46 -> 1 | D17: =D46 -> 10 | E17: =E46 -> 6 | F17: =F46 -> 34 | G17: =G46 -> 4 | H17: =H46 -> 0 | I17: =I46 -> 4 | ... P17: =P46 -> 13
A18: Estado
A19: AC
A20: AL | D20: 1
A21: AM
A22: AP
A23: BA | B23: 3 | F23: 1 | O23: 1 | P23: 1
A24: CE | P24: 1
A25: DF | B25: 2
A26: ES | B26: 2
A27: GO | B27: 1
A28: MA
A29: MG | B29: 1 | D29: 1 | F29: 1 | I29: 1 | P29: 2
A30: MS | F30: 1
A31: MT | D31: 1
A32: PA
A33: PB | B33: 1
A34: PE | B34: 2
A35: PI
A36: PR | B36: 4 | D36: 1 | E36: 1 | F36: 2 | G36: 2
A37: RJ | B37: 4 | C37: 1 | D37: 2 | F37: 9 | P37: 2
A38: RN
A39: RO
A40: RR
A41: RS | B41: 3 | D41: 1 | E41: 1 | F41: 2
A42: SC | B42: 1 | D42: 1 | E42: 1 | F42: 4 | I42: 1 | O42: 1 | P42: 2
A43: SE
A44: SP | B44: 18 | D44: 2 | E44: 3 | F44: 14 | G44: 2 | I44: 2 | L44: 1 | O44: 1 | P44: 5
A45: TO
A46: Total | B46: =SUM(B19:B45) -> 42 | C46: =SUM(C19:C45) -> 1 | D46: =SUM(D19:D45) -> 10 | E46: =SUM(E19:E45) -> 6 | F46: =SUM(F19:F45) -> 34 | G46: =SUM(G19:G45) -> 4 | H46: =SUM(H19:H45) -> 0 | I46: =SUM(I19:I45) -> 4 | ... P46: =SUM(P19:P45) -> 13 | S46: =SUM(B46:P46) -> 118

Sheet Novembro 2021
A1: ACIONAMENTO - NOVEMBRO
A2: Regulador/Seguradora | B2: Argo Bike | C2: Argo Condutor | D2: Argo | E2: AIG | F2: AXA | G2: CHUBB | H2: QBE | I2: FATOR | J2: Porto Seguro | K2: Austral | L2: ZURICH | M2: SOMPO | N2: Berkley | O2: Berkley Vida | P2: HDI | Q2: Excelsior Vida | R2: Excelsior RCP | S2: Fairfax | T2: Total
A3: Everton | D3: 8 | M3: 1 | T3: =SUM(B3:S3) -> 9 | U3: =T3/$T$13 -> 0.082568807 | W3: RCP | X3: =SUM(D13:N13)+P13+R13+S13 -> 70
A4: Vitor | C4: 2 | D4: 6 | T4: =SUM(B4:S4) -> 8 | U4: =T4/$T$13 -> 0.073394495 | W4: VIDA | X4: =O13+Q13 -> 4
A5: Karisa | D5: 9 | Q5: 1 | T5: =SUM(B5:S5) -> 10 | U5: =T5/$T$13 -> 0.091743119 | W5: BIKE | X5: =B13 -> 33
A6: Teresa | J6: 5 | Q6: 2 | R6: 1 | T6: =SUM(B6:S6) -> 8 | U6: =T6/$T$13 -> 0.073394495 | W6: CONDUTOR | X6: =C13 -> 2
A7: Kênia | D7: 10 | T7: =SUM(B7:S7) -> 10 | U7: =T7/$T$13 -> 0.091743119 | X7: =SUM(X3:X6) -> 109
A8: Fernanda | D8: 8 | F8: 1 | J8: 2 | T8: =SUM(B8:S8) -> 11 | U8: =T8/$T$13 -> 0.10091743
A9: Evandro | B9: 33 | D9: 1 | T9: =SUM(B9:S9) -> 34 | U9: =T9/$T$13 -> 0.31192661
A10: Jéssica Rosa | D10: 7 | M10: 2 | Q10: 1 | T10: =SUM(B10:S10) -> 10 | U10: =T10/$T$13 -> 0.091743119
A11: Maria Beatriz | D11: 9 | T11: =SUM(B11:S11) -> 9 | U11: =T11/$T$13 -> 0.082568807
A12: Diego | T12: =SUM(B12:S12) -> 0 | U12: =T12/$T$13 -> 0
A13: Total | B13: =SUM(B3:B12) -> 33 | C13: =SUM(C3:C12) -> 2 | D13: =SUM(D3:D12) -> 58 | E13: =SUM(E3:E12) -> 0 | F13: =SUM(F3:F12) -> 1 | G13: =SUM(G3:G12) -> 0 | H13: =SUM(H3:H12) -> 0 | I13: =SUM(I3:I12) -> 0 | ... T13: =SUM(T3:T12) -> 109 | U13: =T13/$T$13 -> 1
A16: Produto | B16: Bike | C16: Condutor | D16: Contador | E16: Corretor | F16: Médico | G16: Dentista | H16: RCPM | I16: Advogado | J16: ECV Vistoria Veicular | K16: Posto | L16: Cartório | M16: D & O | N16: Turismo | O16: Vida | P16: Diversos
A17: Total | B17: =B46 -> 33 | C17: =C46 -> 2 | D17: =D46 -> 6 | E17: =E46 -> 11 | F17: =F46 -> 29 | G17: =G46 -> 8 | H17: =H46 -> 0 | I17: =I46 -> 3 | ... P17: =P46 -> 3
A18: Estado
A19: AC
A20: AL
A21: AM
A22: AP
A23: BA | B23: 2 | C23: 1 | G23: 1 | N23: 2 | P23: 1
A24: CE | B24: 2
A25: DF | I25: 1
A26: ES | B26: 1
A27: GO | B27: 1
A28: MA
A29: MG | B29: 2 | D29: 2 | E29: 2 | G29: 1 | I29: 1
A30: MS | E30: 1 | F30: 1 | L30: 1
A31: MT | B31: 1 | L31: 1
A32: PA | B32: 1 | F32: 1
A33: PB
A34: PE | B34: 1 | D34: 1
A35: PI
A36: PR | B36: 3 | F36: 1 | G36: 2
A37: RJ | B37: 1 | C37: 1 | F37: 5 | G37: 1 | L37: 1 | N37: 2
A38: RN
A39: RO
A40: RR
A41: RS | B41: 1 | D41: 1 | E41: 1 | F41: 3
A42: SC | D42: 1 | E42: 1 | F42: 1 | G42: 1 | O42: 1
A43: SE
A44: SP | B44: 17 | D44: 1 | E44: 6 | F44: 17 | G44: 2 | I44: 1 | J44: 2 | N44: 1 | O44: 2 | P44: 2
A45: TO
A46: Total | B46: =SUM(B19:B45) -> 33 | C46: =SUM(C19:C45) -> 2 | D46: =SUM(D19:D45) -> 6 | E46: =SUM(E19:E45) -> 11 | F46: =SUM(F19:F45) -> 29 | G46: =SUM(G19:G45) -> 8 | H46: =SUM(H19:H45) -> 0 | I46: =SUM(I19:I45) -> 3 | ... P46: =SUM(P19:P45) -> 3 | S46: =SUM(B46:P46) -> 108

Sheet Dezembro 2021
A1: ACIONAMENTO - DEZEMBRO
A2: Regulador/Seguradora | B2: Argo Bike | C2: Argo Condutor | D2: Argo | E2: AIG | F2: AXA | G2: CHUBB | H2: QBE | I2: FATOR | J2: Porto Seguro | K2: Austral | L2: ZURICH | M2: SOMPO | N2: Berkley | O2: Berkley Vida | P2: HDI | Q2: Excelsior Vida | R2: Excelsior RCP | S2: Fairfax | T2: Total
A3: Everton | D3: 6 | L3: 5 | M3: 1 | T3: =SUM(B3:S3) -> 12 | U3: =T3/$T$13 -> 0.10169492 | W3: RCP | X3: =SUM(D13:N13)+P13+R13+S13 -> 61
A4: Vitor | C4: 4 | D4: 4 | T4: =SUM(B4:S4) -> 8 | U4: =T4/$T$13 -> 0.06779661 | W4: VIDA | X4: =O13+Q13 -> 3
A5: Karisa | D5: 6 | R5: 1 | T5: =SUM(B5:S5) -> 7 | U5: =T5/$T$13 -> 0.059322034 | W5: BIKE | X5: =B13 -> 50
A6: Teresa | D6: 1 | J6: 5 | Q6: 2 | T6: =SUM(B6:S6) -> 8 | U6: =T6/$T$13 -> 0.06779661 | W6: CONDUTOR | X6: =C13 -> 4
A7: Kênia | D7: 8 | T7: =SUM(B7:S7) -> 8 | U7: =T7/$T$13 -> 0.06779661 | X7: =SUM(X3:X6) -> 118
A8: Fernanda | D8: 2 | F8: 1 | J8: 2 | M8: 1 | T8: =SUM(B8:S8) -> 6 | U8: =T8/$T$13 -> 0.050847458
A9: Evandro | B9: 50 | D9: 5 | R9: 1 | T9: =SUM(B9:S9) -> 56 | U9: =T9/$T$13 -> 0.47457627
A10: Jéssica Rosa | D10: 6 | J10: 1 | Q10: 1 | R10: 1 | T10: =SUM(B10:S10) -> 9 | U10: =T10/$T$13 -> 0.076271186
A11: Maria Beatriz | D11: 4 | T11: =SUM(B11:S11) -> 4 | U11: =T11/$T$13 -> 0.033898305
A12: Diego | T12: =SUM(B12:S12) -> 0 | U12: =T12/$T$13 -> 0
A13: Total | B13: =SUM(B3:B12) -> 50 | C13: =SUM(C3:C12) -> 4 | D13: =SUM(D3:D12) -> 42 | E13: =SUM(E3:E12) -> 0 | F13: =SUM(F3:F12) -> 1 | G13: =SUM(G3:G12) -> 0 | H13: =SUM(H3:H12) -> 0 | I13: =SUM(I3:I12) -> 0 | ... T13: =SUM(T3:T12) -> 118 | U13: =T13/$T$13 -> 1
A16: Produto | B16: Bike | C16: Condutor | D16: Contador | E16: Corretor | F16: Médico | G16: Dentista | H16: RCPM | I16: Advogado | J16: ECV Vistoria Veicular | K16: Posto | L16: Cartório | M16: D & O | N16: Turismo | O16: Vida | P16: Diversos
A17: Total | B17: =B46 -> 50 | C17: =C46 -> 4 | D17: =D46 -> 9 | E17: =E46 -> 8 | F17: =F46 -> 18 | G17: =G46 -> 3 | H17: =H46 -> 0 | I17: =I46 -> 4 | ... P17: =P46 -> 10
A18: Estado
A19: AC
A20: AL
A21: AM
A22: AP
A23: BA | B23: 1
A24: CE | B24: 3 | G24: 1
A25: DF | B25: 2
A26: ES | B26: 3
A27: GO | B27: 1 | D27: 1 | E27: 1 | I27: 1
A28: MA
A29: MG | B29: 2 | D29: 1 | E29: 1 | F29: 4 | J29: 1
A30: MS | D30: 1
A31: MT
A32: PA
A33: PB | B33: 1
A34: PE | B34: 1 | O34: 1
A35: PI | B35: 1 | E35: 1 | F35: 1 | O35: 1
A36: PR | B36: 2 | N36: 1 | P36: 1
A37: RJ | B37: 3 | C37: 4 | F37: 4 | G37: 1 | J37: 1 | L37: 2
A38: RN
A39: RO | B39: 3 | F39: 1
A40: RR
A41: RS | D41: 1 | E41: 2 | F41: 1 | I41: 1 | P41: 3
A42: SC | B42: 1 | F42: 3 | J42: 1 | N42: 1 | O42: 1
A43: SE | B43: 2
A44: SP | B44: 24 | D44: 5 | E44: 3 | F44: 4 | G44: 1 | I44: 2 | J44: 1 | K44: 1 | P44: 6
A45: TO
A46: Total | B46: =SUM(B19:B45) -> 50 | C46: =SUM(C19:C45) -> 4 | D46: =SUM(D19:D45) -> 9 | E46: =SUM(E19:E45) -> 8 | F46: =SUM(F19:F45) -> 18 | G46: =SUM(G19:G45) -> 3 | H46: =SUM(H19:H45) -> 0 | I46: =SUM(I19:I45) -> 4 | ... P46: =SUM(P19:P45) -> 10 | S46: =SUM(B46:P46) -> 118

Sheet Janeiro 2022
A1: ACIONAMENTO - JANEIRO
A2: Regulador/Seguradora | B2: Argo Bike | C2: Argo Condutor | D2: Argo | E2: AIG | F2: AXA | G2: CHUBB | H2: QBE | I2: FATOR | J2: Porto Seguro | K2: Austral | L2: ZURICH | M2: SOMPO | N2: Berkley | O2: Berkley Vida | P2: HDI | Q2: Excelsior Vida | R2: Excelsior RCP | S2: Fairfax | T2: Total
A3: Everton | D3: 5 | L3: 1 | T3: =SUM(B3:S3) -> 6 | U3: =T3/$T$14 -> 0.060606061 | W3: RCP | X3: =SUM(D14:N14)+P14+R14+S14 -> 58
A4: Vitor | C4: 3 | D4: 3 | M4: 3 | T4: =SUM(B4:S4) -> 9 | U4: =T4/$T$14 -> 0.090909091 | W4: VIDA | X4: =O14+Q14 -> 4
A5: Karisa | D5: 5 | L5: 1 | Q5: 2 | T5: =SUM(B5:S5) -> 8 | U5: =T5/$T$14 -> 0.080808081 | W5: BIKE | X5: =B14 -> 34
A6: Teresa | D6: 3 | J6: 1 | T6: =SUM(B6:S6) -> 4 | U6: =T6/$T$14 -> 0.04040404 | W6: CONDUTOR | X6: =C14 -> 3
A7: Kênia | D7: 5 | M7: 1 | T7: =SUM(B7:S7) -> 6 | U7: =T7/$T$14 -> 0.060606061 | X7: =SUM(X3:X6) -> 99
A8: Fernanda | D8: 3 | F8: 1 | J8: 2 | M8: 1 | N8: 4 | T8: =SUM(B8:S8) -> 11 | U8: =T8/$T$14 -> 0.11111111
A9: Evandro | B9: 34 | D9: 3 | Q9: 1 | R9: 1 | T9: =SUM(B9:S9) -> 39 | U9: =T9/$T$14 -> 0.39393939
A10: Jéssica Rosa | D10: 4 | J10: 2 | Q10: 1 | T10: =SUM(B10:S10) -> 7 | U10: =T10/$T$14 -> 0.070707071
A11: Maria Beatriz | D11: 3 | J11: 1 | T11: =SUM(B11:S11) -> 4 | U11: =T11/$T$14 -> 0.04040404
A12: Letícia | D12: 4 | M12: 1 | T12: =SUM(B12:S12) -> 5 | U12: =T12/$T$14 -> 0.050505051
A13: Diego | T13: =SUM(B13:S13) -> 0 | U13: =T13/$T$14 -> 0
A14: Total | B14: =SUM(B3:B13) -> 34 | C14: =SUM(C3:C13) -> 3 | D14: =SUM(D3:D13) -> 38 | E14: =SUM(E3:E13) -> 0 | F14: =SUM(F3:F13) -> 1 | G14: =SUM(G3:G13) -> 0 | H14: =SUM(H3:H13) -> 0 | I14: =SUM(I3:I13) -> 0 | ... T14: =SUM(T3:T13) -> 99 | U14: =T14/$T$14 -> 1
A17: Produto | B17: Bike | C17: Condutor | D17: Contador | E17: Corretor | F17: Médico | G17: Dentista | H17: RCPM | I17: Advogado | J17: ECV Vistoria Veicular | K17: Posto | L17: Cartório | M17: D & O | N17: Turismo | O17: Vida | P17: Despachante Aduaneiro | Q17: Certificado Digital | R17: RC Operações | S17: Engenheiros/Arquit. | T17: Veterinário | U17: Filmagem
A18: Total | B18: =B47 -> 34 | C18: =C47 -> 3 | D18: =D47 -> 13 | E18: =E47 -> 10 | F18: =F47 -> 12 | G18: =G47 -> 1 | H18: =H47 -> 0 | I18: =I47 -> 3 | ... U18: =U47 -> 1
A19: Estado
A20: AC
A21: AL
A22: AM
A23: AP
A24: BA | B24: 2
A25: CE | B25: 1 | F25: 1
A26: DF | B26: 3
A27: ES | B27: 1 | N27: 1
A28: GO | F28: 1
A29: MA
A30: MG | B30: 1 | D30: 1 | E30: 2 | F30: 2 | P30: 1 | T30: 1
A31: MS | F31: 1
A32: MT | C32: 1 | D32: 1
A33: PA | B33: 1
A34: PB | B34: 1
A35: PE | B35: 2 | O35: 2
A36: PI
A37: PR | B37: 6 | D37: 1 | E37: 2 | I37: 1 | P37: 2
A38: RJ | B38: 1 | C38: 2 | E38: 1 | F38: 1 | L38: 1 | O38: 1 | U38: 1
A39: RN | B39: 1 | E39: 1 | F39: 1
A40: RO
A41: RR
A42: RS | B42: 1 | O42: 1 | S42: 1
A43: SC | B43: 2 | E43: 1 | F43: 1 | G43: 1 | K43: 1
A44: SE | D44: 1
A45: SP | B45: 11 | D45: 9 | E45: 3 | F45: 4 | I45: 2 | J45: 1 | L45: 2 | N45: 1 | P45: 2 | R45: 4
A46: TO | AA46: =SUM(B47:U47) -> 99
A47: Total | B47: =SUM(B20:B46) -> 34 | C47: =SUM(C20:C46) -> 3 | D47: =SUM(D20:D46) -> 13 | E47: =SUM(E20:E46) -> 10 | F47: =SUM(F20:F46) -> 12 | G47: =SUM(G20:G46) -> 1 | H47: =SUM(H20:H46) -> 0 | I47: =SUM(I20:I46) -> 3 | ... U47: =SUM(U20:U46) -> 1

Sheet Fevereiro 2022
A1: ACIONAMENTO - FEVEREIRO
A2: Regulador/Seguradora | B2: Argo Bike | C2: Argo Condutor | D2: Argo | E2: AIG | F2: AXA | G2: CHUBB | H2: QBE | I2: FATOR | J2: Porto Seguro | K2: Austral | L2: ZURICH | M2: SOMPO | N2: Berkley | O2: Berkley Vida | P2: HDI | Q2: Excelsior Vida | R2: Excelsior RCP | S2: Fairfax | T2: Total
A3: Everton | D3: 1 | T3: =SUM(B3:S3) -> 1 | U3: =T3/$T$14 -> 0.009009009 | W3: RCP | X3: =SUM(D14:N14)+P14+R14+S14 -> 64
A4: Vitor | C4: 3 | D4: 4 | J4: 1 | T4: =SUM(B4:S4) -> 8 | U4: =T4/$T$14 -> 0.072072072 | W4: VIDA | X4: =O14+Q14 -> 4
A5: Karisa | D5: 4 | F5: 1 | J5: 2 | Q5: 2 | T5: =SUM(B5:S5) -> 9 | U5: =T5/$T$14 -> 0.081081081 | W5: BIKE | X5: =B14 -> 40
A6: Teresa | D6: 1 | J6: 2 | Q6: 1 | T6: =SUM(B6:S6) -> 4 | U6: =T6/$T$14 -> 0.036036036 | W6: CONDUTOR | X6: =C14 -> 3
A7: Kênia | D7: 4 | J7: 2 | M7: 3 | T7: =SUM(B7:S7) -> 9 | U7: =T7/$T$14 -> 0.081081081 | X7: =SUM(X3:X6) -> 111
A8: Fernanda | D8: 4 | J8: 5 | T8: =SUM(B8:S8) -> 9 | U8: =T8/$T$14 -> 0.081081081
A9: Evandro | B9: 40 | D9: 5 | Q9: 1 | T9: =SUM(B9:S9) -> 46 | U9: =T9/$T$14 -> 0.41441441
A10: Jéssica Rosa | D10: 7 | J10: 1 | T10: =SUM(B10:S10) -> 8 | U10: =T10/$T$14 -> 0.072072072
A11: Maria Beatriz | D11: 8 | T11: =SUM(B11:S11) -> 8 | U11: =T11/$T$14 -> 0.072072072
A12: Letícia | D12: 7 | J12: 1 | T12: =SUM(B12:S12) -> 8 | U12: =T12/$T$14 -> 0.072072072
A13: Diego | I13: 1 | T13: =SUM(B13:S13) -> 1 | U13: =T13/$T$14 -> 0.009009009
A14: Total | B14: =SUM(B3:B13) -> 40 | C14: =SUM(C3:C13) -> 3 | D14: =SUM(D3:D13) -> 45 | E14: =SUM(E3:E13) -> 0 | F14: =SUM(F3:F13) -> 1 | G14: =SUM(G3:G13) -> 0 | H14: =SUM(H3:H13) -> 0 | I14: =SUM(I3:I13) -> 1 | ... T14: =SUM(T3:T13) -> 111 | U14: =T14/$T$14 -> 1
A17: Produto | B17: Bike | C17: Condutor | D17: Contador | E17: Corretor | F17: Médico | G17: Dentista | H17: RCPM | I17: Advogado | J17: ECV Vistoria Veicular | K17: Posto | L17: Cartório | M17: D & O | N17: Turismo | O17: Vida | P17: Despachante Aduaneiro | Q17: Certificado Digital | R17: RC Operações | S17: Engenheiros/Arquit. | T17: Veterinário | U17: Filmagem | V17: Tecnologia Informação | W17: Sindico/ Adm. Condominios
A18: Total | B18: =B47 -> 40 | C18: =C47 -> 3 | D18: =D47 -> 8 | E18: =E47 -> 11 | F18: =F47 -> 23 | G18: =G47 -> 6 | H18: =H47 -> 0 | I18: =I47 -> 0 | ... W18: =W47 -> 1
A19: Estado
A20: AC
A21: AL
A22: AM
A23: AP
A24: BA | B24: 3 | F24: 1 | O24: 1
A25: CE
A26: DF | S26: 1
A27: ES | B27: 2 | D27: 1
A28: GO | B28: 2 | E28: 1 | G28: 1 | S28: 1
A29: MA
A30: MG | B30: 3 | F30: 5 | N30: 1 | S30: 2
A31: MS | F31: 1
A32: MT
A33: PA
A34: PB
A35: PE | B35: 2
A36: PI
A37: PR | B37: 3 | D37: 1 | E37: 1 | F37: 1 | G37: 1 | P37: 1 | W37: 1
A38: RJ | B38: 1 | C38: 3 | D38: 1 | E38: 1 | F38: 2 | G38: 1 | N38: 1 | O38: 1
A39: RN | B39: 1 | D39: 1
A40: RO
A41: RR
A42: RS | B42: 3 | E42: 1 | G42: 1 | S42: 1
A43: SC | B43: 1 | F43: 3
A44: SE
A45: SP | B45: 19 | D45: 4 | E45: 7 | F45: 10 | G45: 2 | L45: 1 | N45: 1 | O45: 2 | S45: 3 | V45: 2
A46: TO
A47: Total | B47: =SUM(B20:B46) -> 40 | C47: =SUM(C20:C46) -> 3 | D47: =SUM(D20:D46) -> 8 | E47: =SUM(E20:E46) -> 11 | F47: =SUM(F20:F46) -> 23 | G47: =SUM(G20:G46) -> 6 | H47: =SUM(H20:H46) -> 0 | I47: =SUM(I20:I46) -> 0 | ... W47: =SUM(W20:W46) -> 1
AB48: =SUM(B47:W47) -> 111

Sheet Março 2022
A1: ACIONAMENTO - MARÇO
A2: Regulador/Seguradora | B2: Argo Bike | C2: Argo Condutor | D2: Argo | E2: AIG | F2: AXA | G2: CHUBB | H2: QBE | I2: FATOR | J2: Porto Seguro | K2: Austral | L2: ZURICH | M2: SOMPO | N2: Berkley | O2: Berkley Vida | P2: HDI | Q2: Excelsior Vida | R2: Excelsior RCP | S2: Fairfax | T2: Total
A3: Everton | D3: 9 | T3: =SUM(B3:S3) -> 9 | U3: =T3/$T$14 -> 0.072 | V3: * | W3: RCP | X3: =SUM(D14:N14)+P14+R14+S14 -> 76
A4: Vitor | C4: 2 | D4: 7 | M4: 1 | T4: =SUM(B4:S4) -> 10 | U4: =T4/$T$14 -> 0.08 | W4: VIDA | X4: =O14+Q14 -> 2
A5: Karisa | D5: 7 | T5: =SUM(B5:S5) -> 7 | U5: =T5/$T$14 -> 0.056 | W5: BIKE | X5: =B14 -> 45
A6: Kênia | D6: 8 | T6: =SUM(B6:S6) -> 8 | U6: =T6/$T$14 -> 0.064 | W6: CONDUTOR | X6: =C14 -> 2
A7: Fernanda | D7: 2 | F7: 2 | J7: 7 | T7: =SUM(B7:S7) -> 11 | U7: =T7/$T$14 -> 0.088 | X7: =SUM(X3:X6) -> 125
A8: Evandro | B8: 45 | D8: 3 | Q8: 1 | T8: =SUM(B8:S8) -> 49 | U8: =T8/$T$14 -> 0.392
A9: Jéssica Rosa | D9: 7 | I9: 1 | Q9: 1 | T9: =SUM(B9:S9) -> 9 | U9: =T9/$T$14 -> 0.072
A10: Maria Beatriz | D10: 8 | T10: =SUM(B10:S10) -> 8 | U10: =T10/$T$14 -> 0.064
A11: Letícia | D11: 3 | T11: =SUM(B11:S11) -> 3 | U11: =T11/$T$14 -> 0.024
A12: Michelle | D12: 3 | J12: 5 | M12: 1 | T12: =SUM(B12:S12) -> 9 | U12: =T12/$T$14 -> 0.072
A13: Diego | S13: 2 | T13: =SUM(B13:S13) -> 2 | U13: =T13/$T$14 -> 0.016
A14: Total | B14: =SUM(B3:B13) -> 45 | C14: =SUM(C3:C13) -> 2 | D14: =SUM(D3:D13) -> 57 | E14: =SUM(E3:E13) -> 0 | F14: =SUM(F3:F13) -> 2 | G14: =SUM(G3:G13) -> 0 | H14: =SUM(H3:H13) -> 0 | I14: =SUM(I3:I13) -> 1 | ... T14: =SUM(T3:T13) -> 125 | U14: =T14/$T$14 -> 1
A18: Produto | B18: Bike | C18: Condutor | D18: Contador | E18: Corretor | F18: Médico | G18: Dentista | H18: RCPM | I18: Advogado | J18: ECV Vistoria Veicular | K18: Posto | L18: Cartório | M18: D & O | N18: Turismo | O18: Vida | P18: Despachante Aduaneiro | Q18: Certificado Digital | R18: RC Operações | S18: Engenheiros/Arquit. | T18: Veterinário | U18: Filmagem | V18: Tecnologia Informação | W18: Sindico/ Adm. Condominios | X18: Farmacêuticos
A19: Total | B19: =B48 -> 45 | C19: =C48 -> 2 | D19: =D48 -> 10 | E19: =E48 -> 6 | F19: =F48 -> 35 | G19: =G48 -> 9 | H19: =H48 -> 0 | I19: =I48 -> 3 | ... X19: =X48 -> 2
A20: Estado
A21: AC
A22: AL
A23: AM
A24: AP
A25: BA | B25: 4 | F25: 2 | G25: 1
A26: CE | B26: 3 | G26: 1
A27: DF | V27: 1
A28: ES | B28: 3
A29: GO | B29: 2 | D29: 1 | F29: 1 | G29: 1
A30: MA
A31: MG | B31: 2 | D31: 1 | E31: 1 | F31: 2 | G31: 2
A32: MS | F32: 2
A33: MT | B33: 1 | D33: 1
A34: PA
A35: PB
A36: PE | B36: 3 | F36: 1
A37: PI
A38: PR | B38: 2 | D38: 1 | I38: 1 | N38: 1
A39: RJ | B39: 4 | C39: 2 | F39: 6
A40: RN
A41: RO | B41: 1
A42: RR
A43: RS | B43: 4 | F43: 1
A44: SC | B44: 2 | F44: 5 | G44: 1 | S44: 2 | X44: 1
A45: SE
A46: SP | B46: 14 | D46: 6 | E46: 5 | F46: 15 | G46: 3 | I46: 2 | O46: 1 | P46: 3 | S46: 2 | V46: 1 | W46: 1 | X46: 1 | AB46: *vida
A47: TO
A48: Total | B48: =SUM(B21:B47) -> 45 | C48: =SUM(C21:C47) -> 2 | D48: =SUM(D21:D47) -> 10 | E48: =SUM(E21:E47) -> 6 | F48: =SUM(F21:F47) -> 35 | G48: =SUM(G21:G47) -> 9 | H48: =SUM(H21:H47) -> 0 | I48: =SUM(I21:I47) -> 3 | ... X48: =SUM(X21:X47) -> 2
AB49: =SUM(B48:X48) -> 124

Sheet Abril 2022
A1: ACIONAMENTO - MARÇO
A2: Regulador/Seguradora | B2: Argo Bike | C2: Argo Condutor | D2: Argo | E2: AIG | F2: AXA | G2: CHUBB | H2: QBE | I2: FATOR | J2: Porto Seguro | K2: Austral | L2: ZURICH | M2: SOMPO | N2: Berkley | O2: Berkley Vida | P2: HDI | Q2: Excelsior Vida | R2: Excelsior RCP | S2: Fairfax | T2: Total
A3: Everton | D3: 2 | S3: 4 | T3: =SUM(B3:S3) -> 6 | U3: =T3/$T$14 -> 0.057692308 | V3: * | W3: RCP | X3: =SUM(D14:N14)+P14+R14+S14 -> 55
A4: Vitor | C4: 5 | D4: 3 | M4: 2 | T4: =SUM(B4:S4) -> 10 | U4: =T4/$T$14 -> 0.096153846 | W4: VIDA | X4: =O14+Q14 -> 2
A5: Karisa | D5: 3 | J5: 2 | Q5: 1 | T5: =SUM(B5:S5) -> 6 | U5: =T5/$T$14 -> 0.057692308 | W5: BIKE | X5: =B14 -> 42
A6: Kênia | D6: 6 | J6: 1 | T6: =SUM(B6:S6) -> 7 | U6: =T6/$T$14 -> 0.067307692 | W6: CONDUTOR | X6: =C14 -> 5
A7: Fernanda | J7: 4 | T7: =SUM(B7:S7) -> 4 | U7: =T7/$T$14 -> 0.038461538 | X7: =SUM(X3:X6) -> 104
A8: Evandro | B8: 42 | D8: 2 | Q8: 1 | R8: 1 | T8: =SUM(B8:S8) -> 46 | U8: =T8/$T$14 -> 0.44230769
A9: Jéssica Rosa | D9: 6 | T9: =SUM(B9:S9) -> 6 | U9: =T9/$T$14 -> 0.057692308
A10: Maria Beatriz | D10: 6 | T10: =SUM(B10:S10) -> 6 | U10: =T10/$T$14 -> 0.057692308
A11: Letícia | D11: 5 | T11: =SUM(B11:S11) -> 5 | U11: =T11/$T$14 -> 0.048076923
A12: Michelle | D12: 7 | J12: 1 | T12: =SUM(B12:S12) -> 8 | U12: =T12/$T$14 -> 0.076923077
A13: Diego | T13: =SUM(B13:S13) -> 0 | U13: =T13/$T$14 -> 0
A14: Total | B14: =SUM(B3:B13) -> 42 | C14: =SUM(C3:C13) -> 5 | D14: =SUM(D3:D13) -> 40 | E14: =SUM(E3:E13) -> 0 | F14: =SUM(F3:F13) -> 0 | G14: =SUM(G3:G13) -> 0 | H14: =SUM(H3:H13) -> 0 | I14: =SUM(I3:I13) -> 0 | ... T14: =SUM(T3:T13) -> 104 | U14: =T14/$T$14 -> 1
A18: Produto | B18: Bike | C18: Condutor | D18: Contador | E18: Corretor | F18: Médico | G18: Dentista | H18: RCPM | I18: Advogado | J18: ECV Vistoria Veicular | K18: Posto | L18: Cartório | M18: D & O | N18: Turismo | O18: Vida | P18: Despachante Aduaneiro | Q18: Certificado Digital | R18: RC Operações | S18: Engenheiros/Arquit. | T18: Veterinário | U18: Filmagem | V18: Tecnologia Informação | W18: Sindico/ Adm. Condominios | X18: Farmacêuticos
A19: Total | B19: =B48 -> 42 | C19: =C48 -> 5 | D19: =D48 -> 6 | E19: =E48 -> 6 | F19: =F48 -> 22 | G19: =G48 -> 9 | H19: =H48 -> 0 | I19: =I48 -> 1 | ... X19: =X48 -> 0
A20: Estado
A21: AC
A22: AL | B22: 1
A23: AM
A24: AP
A25: BA | B25: 2 | O25: 1
A26: CE | B26: 2 | N26: 3
A27: DF | F27: 1
A28: ES
A29: GO | E29: 1 | W29: 1
A30: MA | B30: 1
A31: MG | B31: 3 | E31: 3 | F31: 1 | V31: 1
A32: MS
A33: MT
A34: PA | B34: 1 | G34: 1
A35: PB
A36: PE | B36: 3 | G36: 1
A37: PI
A38: PR | B38: 4 | C38: 1 | F38: 2
A39: RJ | B39: 2 | C39: 4 | D39: 2 | F39: 6 | G39: 4 | L39: 1
A40: RN | B40: 1
A41: RO
A42: RR
A43: RS | B43: 1 | F43: 1
A44: SC | B44: 1 | D44: 1 | E44: 1 | F44: 2 | O44: 1
A45: SE | B45: 2
A46: SP | B46: 18 | D46: 3 | E46: 1 | F46: 9 | G46: 3 | I46: 1 | V46: 1 | W46: 1
A47: TO
A48: Total | B48: =SUM(B21:B47) -> 42 | C48: =SUM(C21:C47) -> 5 | D48: =SUM(D21:D47) -> 6 | E48: =SUM(E21:E47) -> 6 | F48: =SUM(F21:F47) -> 22 | G48: =SUM(G21:G47) -> 9 | H48: =SUM(H21:H47) -> 0 | I48: =SUM(I21:I47) -> 1 | ... X48: =SUM(X21:X47) -> 0
AB49: =SUM(B48:X48) -> 101

Sheet Maio 2022
A1: ACIONAMENTO - MAIO
A2: Regulador/Seguradora | B2: Argo Bike | C2: Argo Condutor | D2: Argo | E2: AIG | F2: AXA | G2: CHUBB | H2: QBE | I2: FATOR | J2: Porto Seguro | K2: Austral | L2: ZURICH | M2: SOMPO | N2: Berkley | O2: Berkley Vida | P2: HDI | Q2: Excelsior Vida | R2: Excelsior RCP | S2: Fairfax | T2: Total
A3: Everton | D3: 8 | P3: 1 | S3: 2 | T3: =SUM(B3:S3) -> 11 | U3: =T3/$T$14 -> 0.068322981 | W3: RCP | X3: =SUM(D14:N14)+P14+R14+S14 -> 81
A4: Vitor | C4: 3 | D4: 4 | T4: =SUM(B4:S4) -> 7 | U4: =T4/$T$14 -> 0.043478261 | W4: VIDA | X4: =O14+Q14 -> 5
A5: Karisa | D5: 4 | F5: 2 | J5: 5 | T5: =SUM(B5:S5) -> 11 | U5: =T5/$T$14 -> 0.068322981 | W5: BIKE | X5: =B14 -> 72
A6: Kênia | D6: 12 | T6: =SUM(B6:S6) -> 12 | U6: =T6/$T$14 -> 0.074534161 | W6: CONDUTOR | X6: =C14 -> 3
A7: Juliano | D7: 3 | T7: =SUM(B7:S7) -> 3 | U7: =T7/$T$14 -> 0.01863354 | X7: =SUM(X3:X6) -> 161
A8: Evandro | B8: 72 | D8: 2 | Q8: 1 | R8: 1 | T8: =SUM(B8:S8) -> 76 | U8: =T8/$T$14 -> 0.47204969
A9: Jéssica Rosa | D9: 7 | Q9: 4 | R9: 1 | T9: =SUM(B9:S9) -> 12 | U9: =T9/$T$14 -> 0.074534161
A10: Maria Beatriz | D10: 10 | T10: =SUM(B10:S10) -> 10 | U10: =T10/$T$14 -> 0.062111801
A11: Letícia | D11: 9 | T11: =SUM(B11:S11) -> 9 | U11: =T11/$T$14 -> 0.055900621
A12: Michelle | D12: 2 | J12: 4 | M12: 4 | T12: =SUM(B12:S12) -> 10 | U12: =T12/$T$14 -> 0.062111801
A13: Diego | T13: =SUM(B13:S13) -> 0 | U13: =T13/$T$14 -> 0
A14: Total | B14: =SUM(B3:B13) -> 72 | C14: =SUM(C3:C13) -> 3 | D14: =SUM(D3:D13) -> 61 | E14: =SUM(E3:E13) -> 0 | F14: =SUM(F3:F13) -> 2 | G14: =SUM(G3:G13) -> 0 | H14: =SUM(H3:H13) -> 0 | I14: =SUM(I3:I13) -> 0 | ... T14: =SUM(T3:T13) -> 161 | U14: =T14/$T$14 -> 1
A18: Produto | B18: Bike | C18: Condutor | D18: Contador | E18: Corretor | F18: Médico | G18: Dentista | H18: RCPM | I18: Advogado | J18: ECV Vistoria Veicular | K18: Posto | L18: Cartório | M18: D & O | N18: Turismo | O18: Vida | P18: Despachante Aduaneiro | Q18: Certificado Digital | R18: RC Operações | S18: Engenheiros/Arquit. | T18: Veterinário | U18: Filmagem | V18: Tecnologia Informação | W18: Sindico/ Adm. Condominios | X18: Farmacêuticos
A19: Total | B19: =B48 -> 72 | C19: =C48 -> 3 | D19: =D48 -> 10 | E19: =E48 -> 8 | F19: =F48 -> 34 | G19: =G48 -> 8 | H19: =H48 -> 0 | I19: =I48 -> 2 | ... X19: =X48 -> 0
A20: Estado
A21: AC
A22: AL
A23: AM
A24: AP
A25: BA | B25: 4 | D25: 1
A26: CE | B26: 1
A27: DF | B27: 5 | D27: 1 | F27: 2
A28: ES | B28: 1 | D28: 1 | E28: 1 | G28: 1
A29: GO | G29: 1
A30: MA
A31: MG | B31: 7 | D31: 2 | E31: 1 | F31: 1 | G31: 1
A32: MS | E32: 1 | F32: 2
A33: MT
A34: PA | B34: 1 | F34: 1
A35: PB | B35: 2
A36: PE | B36: 6 | O36: 1
A37: PI | N37: 1 | O37: 1
A38: PR | B38: 7 | E38: 1 | F38: 2 | G38: 1 | N38: 2
A39: RJ | B39: 6 | C39: 2 | E39: 1 | F39: 5 | G39: 1 | L39: 1
A40: RN | B40: 1
A41: RO | B41: 1 | F41: 1 | G41: 1
A42: RR
A43: RS | B43: 3 | C43: 1 | D43: 1 | F43: 1 | V43: 1
A44: SC | B44: 3 | D44: 2 | E44: 1 | F44: 6 | I44: 2 | V44: 1
A45: SE | B45: 1
A46: SP | B46: 23 | D46: 2 | E46: 2 | F46: 13 | G46: 2 | K46: 1 | L46: 1 | N46: 4 | O46: 3 | P46: 2 | S46: 1 | W46: 1
A47: TO
A48: Total | B48: =SUM(B21:B47) -> 72 | C48: =SUM(C21:C47) -> 3 | D48: =SUM(D21:D47) -> 10 | E48: =SUM(E21:E47) -> 8 | F48: =SUM(F21:F47) -> 34 | G48: =SUM(G21:G47) -> 8 | H48: =SUM(H21:H47) -> 0 | I48: =SUM(I21:I47) -> 2 | ... X48: =SUM(X21:X47) -> 0
AB49: =SUM(B48:X48) -> 158

Sheet Junho 2022
A1: ACIONAMENTO - JUNHO
A2: Regulador/Seguradora | B2: Argo Bike | C2: Argo Condutor | D2: Argo | E2: AIG | F2: AXA | G2: CHUBB | H2: QBE | I2: FATOR | J2: Porto Seguro | K2: Austral | L2: ZURICH | M2: SOMPO | N2: Berkley | O2: Berkley Vida | P2: HDI | Q2: Excelsior Vida | R2: Excelsior RCP | S2: Fairfax | T2: Total
A3: Everton | D3: 13 | L3: 2 | S3: 1 | T3: =SUM(B3:S3) -> 16 | U3: =T3/$T$14 -> 0.10958904 | W3: RCP | X3: =SUM(D14:N14)+P14+R14+S14 -> 82
A4: Vitor | T4: =SUM(B4:S4) -> 0 | U4: =T4/$T$14 -> 0 | W4: VIDA | X4: =O14+Q14 -> 3
A5: Karisa | D5: 7 | J5: 3 | T5: =SUM(B5:S5) -> 10 | U5: =T5/$T$14 -> 0.068493151 | W5: BIKE | X5: =B14 -> 55
A6: Kênia | D6: 16 | T6: =SUM(B6:S6) -> 16 | U6: =T6/$T$14 -> 0.10958904 | W6: CONDUTOR | X6: =C14 -> 6
A7: Juliano | T7: =SUM(B7:S7) -> 0 | U7: =T7/$T$14 -> 0 | X7: =SUM(X3:X6) -> 146
A8: Evandro | B8: 55 | C8: 6 | D8: 8 | T8: =SUM(B8:S8) -> 69 | U8: =T8/$T$14 -> 0.47260274
A9: Jéssica Rosa | J9: 1 | Q9: 3 | T9: =SUM(B9:S9) -> 4 | U9: =T9/$T$14 -> 0.02739726
A10: Maria Beatriz | D10: 14 | T10: =SUM(B10:S10) -> 14 | U10: =T10/$T$14 -> 0.095890411
A11: Letícia | D11: 1 | T11: =SUM(B11:S11) -> 1 | U11: =T11/$T$14 -> 0.0068493151
A12: Michelle | D12: 6 | F12: 1 | J12: 8 | M12: 1 | T12: =SUM(B12:S12) -> 16 | U12: =T12/$T$14 -> 0.10958904
A13: Diego | T13: =SUM(B13:S13) -> 0 | U13: =T13/$T$14 -> 0
A14: Total | B14: =SUM(B3:B13) -> 55 | C14: =SUM(C3:C13) -> 6 | D14: =SUM(D3:D13) -> 65 | E14: =SUM(E3:E13) -> 0 | F14: =SUM(F3:F13) -> 1 | G14: =SUM(G3:G13) -> 0 | H14: =SUM(H3:H13) -> 0 | I14: =SUM(I3:I13) -> 0 | ... T14: =SUM(T3:T13) -> 146 | U14: =T14/$T$14 -> 1
A18: Produto | B18: Bike | C18: Condutor | D18: Contador | E18: Corretor | F18: Médico | G18: Dentista | H18: RCPM | I18: Advogado | J18: ECV Vistoria Veicular | K18: Posto | L18: Cartório | M18: D & O | N18: Turismo | O18: Vida | P18: Despachante Aduaneiro | Q18: Certificado Digital | R18: RC Operações | S18: Engenheiros/Arquit. | T18: Veterinário | U18: Filmagem | V18: Tecnologia Informação | W18: Sindico/ Adm. Condominios | X18: Farmacêuticos
A19: Total | B19: =B48 -> 55 | C19: =C48 -> 6 | D19: =D48 -> 9 | E19: =E48 -> 13 | F19: =F48 -> 32 | G19: =G48 -> 5 | H19: =H48 -> 0 | I19: =I48 -> 1 | ... X19: =X48 -> 0
A20: Estado
A21: AC
A22: AL | B22: 1 | F22: 1
A23: AM | B23: 1
A24: AP
A25: BA | B25: 5 | C25: 1 | E25: 2 | F25: 2 | P25: 1
A26: CE | B26: 4
A27: DF | B27: 4 | F27: 1 | S27: 1
A28: ES | F28: 1
A29: GO | B29: 1 | D29: 1 | E29: 1 | W29: 2
A30: MA
A31: MG | B31: 2 | D31: 1 | F31: 3
A32: MS | F32: 2
A33: MT
A34: PA
A35: PB | E35: 1
A36: PE | B36: 4
A37: PI
A38: PR | B38: 6 | E38: 2 | F38: 1
A39: RJ | B39: 4 | C39: 3 | F39: 5 | G39: 2 | L39: 1 | S39: 1
A40: RN | B40: 1
A41: RO | F41: 1
A42: RR
A43: RS | B43: 2 | E43: 1 | F43: 3 | G43: 1 | L43: 2 | N43: 1 | O43: 1
A44: SC | B44: 1 | D44: 1 | F44: 5 | O44: 1 | S44: 1 | W44: 1
A45: SE
A46: SP | B46: 18 | C46: 2 | D46: 6 | E46: 6 | F46: 7 | G46: 2 | I46: 1 | J46: 1 | N46: 7 | O46: 1 | S46: 1 | W46: 2
A47: TO | B47: 1
A48: Total | B48: =SUM(B21:B47) -> 55 | C48: =SUM(C21:C47) -> 6 | D48: =SUM(D21:D47) -> 9 | E48: =SUM(E21:E47) -> 13 | F48: =SUM(F21:F47) -> 32 | G48: =SUM(G21:G47) -> 5 | H48: =SUM(H21:H47) -> 0 | I48: =SUM(I21:I47) -> 1 | ... X48: =SUM(X21:X47) -> 0
AB49: =SUM(B48:X48) -> 146

Sheet Julho 2022
A1: ACIONAMENTO - JULHO
A2: Regulador/Seguradora | B2: Argo Bike | C2: Argo Condutor | D2: AKAD | E2: AIG | F2: AXA | G2: CHUBB | H2: QBE | I2: FATOR | J2: Porto Seguro | K2: Austral | L2: ZURICH | M2: SOMPO | N2: Berkley | O2: Berkley Vida | P2: HDI | Q2: Excelsior Vida | R2: Excelsior RCP | S2: Fairfax | T2: Total
A3: Everton | D3: 4 | S3: 6 | T3: =SUM(B3:S3) -> 10 | U3: =T3/$T$13 -> 0.062893082 | W3: RCP | X3: =SUM(D13:N13)+P13+R13+S13 -> 85
A4: Karisa | D4: 8 | F4: 1 | J4: 8 | T4: =SUM(B4:S4) -> 17 | U4: =T4/$T$13 -> 0.10691824 | W4: VIDA | X4: =O13+Q13 -> 3
A5: Kênia | D5: 4 | T5: =SUM(B5:S5) -> 4 | U5: =T5/$T$13 -> 0.025157233 | W5: BIKE | X5: =B13 -> 69
A6: Jéssica S. | D6: 17 | T6: =SUM(B6:S6) -> 17 | U6: =T6/$T$13 -> 0.10691824 | W6: CONDUTOR | X6: =C13 -> 2
A7: Evandro | B7: 69 | C7: 2 | D7: 5 | T7: =SUM(B7:S7) -> 76 | U7: =T7/$T$13 -> 0.47798742 | X7: =SUM(X3:X6) -> 159
A8: Jéssica Rosa | Q8: 3 | T8: =SUM(B8:S8) -> 3 | U8: =T8/$T$13 -> 0.018867925
A9: Maria Beatriz | D9: 10 | T9: =SUM(B9:S9) -> 10 | U9: =T9/$T$13 -> 0.062893082
A10: Lucas | D10: 11 | T10: =SUM(B10:S10) -> 11 | U10: =T10/$T$13 -> 0.06918239
A11: Michelle | D11: 6 | J11: 3 | M11: 2 | T11: =SUM(B11:S11) -> 11 | U11: =T11/$T$13 -> 0.06918239
A12: Diego | T12: =SUM(B12:S12) -> 0 | U12: =T12/$T$13 -> 0
A13: Total | B13: =SUM(B3:B12) -> 69 | C13: =SUM(C3:C12) -> 2 | D13: =SUM(D3:D12) -> 65 | E13: =SUM(E3:E12) -> 0 | F13: =SUM(F3:F12) -> 1 | G13: =SUM(G3:G12) -> 0 | H13: =SUM(H3:H12) -> 0 | I13: =SUM(I3:I12) -> 0 | ... T13: =SUM(T3:T12) -> 159 | U13: =T13/$T$13 -> 1
A18: Produto | B18: Bike | C18: Condutor | D18: Contador | E18: Corretor | F18: Médico | G18: Dentista | H18: RCPM | I18: Advogado | J18: ECV Vistoria Veicular | K18: Posto | L18: Cartório | M18: D & O | N18: Turismo | O18: Vida | P18: Despachante Aduaneiro | Q18: Certificado Digital | R18: RC Operações | S18: Engenheiros/Arquit. | T18: Veterinário | U18: Filmagem | V18: Tecnologia Informação | W18: Sindico/ Adm. Condominios | X18: Farmacêuticos
A19: Total | B19: =B48 -> 69 | C19: =C48 -> 2 | D19: =D48 -> 9 | E19: =E48 -> 15 | F19: =F48 -> 35 | G19: =G48 -> 7 | H19: =H48 -> 0 | I19: =I48 -> 2 | ... X19: =X48 -> 0
A20: Estado
A21: AC
A22: AL
A23: AM
A24: AP
A25: BA | B25: 4
A26: CE | B26: 5 | P26: 4
A27: DF | B27: 3
A28: ES | B28: 2
A29: GO | D29: 1 | E29: 1 | W29: 1
A30: MA
A31: MG | B31: 4 | E31: 1 | F31: 2 | G31: 1 | W31: 1
A32: MS | E32: 1 | F32: 4
A33: MT | E33: 1 | F33: 1
A34: PA
A35: PB | B35: 1
A36: PE | B36: 5
A37: PI
A38: PR | B38: 8 | D38: 1 | E38: 3 | V38: 1
A39: RJ | B39: 3 | C39: 1 | F39: 6 | G39: 2 | O39: 1 | P39: 1 | W39: 1
A40: RN
A41: RO
A42: RR
A43: RS | B43: 2 | E43: 3 | F43: 1 | G43: 1
A44: SC | B44: 3 | D44: 2 | E44: 1 | F44: 8 | G44: 2 | O44: 1
A45: SE | B45: 1
A46: SP | B46: 28 | C46: 1 | D46: 5 | E46: 4 | F46: 12 | G46: 1 | I46: 2 | J46: 1 | N46: 3 | O46: 1 | P46: 2 | S46: 2
A47: TO | F47: 1
A48: Total | B48: =SUM(B21:B47) -> 69 | C48: =SUM(C21:C47) -> 2 | D48: =SUM(D21:D47) -> 9 | E48: =SUM(E21:E47) -> 15 | F48: =SUM(F21:F47) -> 35 | G48: =SUM(G21:G47) -> 7 | H48: =SUM(H21:H47) -> 0 | I48: =SUM(I21:I47) -> 2 | ... X48: =SUM(X21:X47) -> 0
AB49: =SUM(B48:X48) -> 159

Sheet Agosto 2022
A1: ACIONAMENTO - AGOSTO
A2: Regulador/Seguradora | B2: Argo Bike | C2: Argo Condutor | D2: AKAD | E2: AIG | F2: AXA | G2: CHUBB | H2: QBE | I2: FATOR | J2: Porto Seguro | K2: Austral | L2: ZURICH | M2: SOMPO | N2: Berkley | O2: TOKIO | P2: HDI | Q2: Excelsior Vida | R2: Excelsior RCP | S2: Fairfax | T2: Total
A3: Everton | D3: 9 | S3: 2 | T3: =SUM(B3:S3) -> 11 | U3: =T3/$T$12 -> 0.083333333 | W3: RCP | X3: =SUM(D12:N12)+P12+R12+S12 -> 78
A4: Karisa | D4: 5 | F4: 2 | J4: 5 | T4: =SUM(B4:S4) -> 12 | U4: =T4/$T$12 -> 0.090909091 | W4: VIDA | X4: =O12+Q12 -> 3
A5: Kênia | D5: 15 | T5: =SUM(B5:S5) -> 15 | U5: =T5/$T$12 -> 0.11363636 | W5: BIKE | X5: =B12 -> 47
A6: Evandro | B6: 47 | C6: 4 | D6: 8 | R6: 1 | T6: =SUM(B6:S6) -> 60 | U6: =T6/$T$12 -> 0.45454545 | W6: CONDUTOR | X6: =C12 -> 4
A7: Jéssica Rosa | Q7: 3 | T7: =SUM(B7:S7) -> 3 | U7: =T7/$T$12 -> 0.022727273 | X7: =SUM(X3:X6) -> 132
A8: Maria Beatriz | D8: 6 | T8: =SUM(B8:S8) -> 6 | U8: =T8/$T$12 -> 0.045454545
A9: Lucas | D9: 13 | T9: =SUM(B9:S9) -> 13 | U9: =T9/$T$12 -> 0.098484848
A10: Michelle | D10: 9 | J10: 1 | M10: 2 | T10: =SUM(B10:S10) -> 12 | U10: =T10/$T$12 -> 0.090909091
A11: Diego | T11: =SUM(B11:S11) -> 0 | U11: =T11/$T$12 -> 0
A12: Total | B12: =SUM(B3:B11) -> 47 | C12: =SUM(C3:C11) -> 4 | D12: =SUM(D3:D11) -> 65 | E12: =SUM(E3:E11) -> 0 | F12: =SUM(F3:F11) -> 2 | G12: =SUM(G3:G11) -> 0 | H12: =SUM(H3:H11) -> 0 | I12: =SUM(I3:I11) -> 0 | ... T12: =SUM(T3:T11) -> 132 | U12: =T12/$T$12 -> 1
A18: Produto | B18: Bike | C18: Condutor | D18: Contador | E18: Corretor | F18: Médico | G18: Dentista | H18: RCPM | I18: Advogado | J18: ECV Vistoria Veicular | K18: Posto | L18: Cartório | M18: D & O | N18: Turismo | O18: Vida | P18: Despachante Aduaneiro | Q18: Certificado Digital | R18: RC Operações | S18: Engenheiros/Arquit. | T18: Veterinário | U18: Filmagem | V18: Tecnologia Informação | W18: Sindico/ Adm. Condominios | X18: Farmacêuticos | Y18: Editora
A19: Total | B19: =B48 -> 46 | C19: =C48 -> 4 | D19: =D48 -> 10 | E19: =E48 -> 5 | F19: =F48 -> 31 | G19: =G48 -> 6 | H19: =H48 -> 0 | I19: =I48 -> 5 | ... Y19: =Y48 -> 1
A20: Estado
A21: AC
A22: AL
A23: AM | F23: 1
A24: AP
A25: BA | B25: 1 | F25: 1 | G25: 1
A26: CE | B26: 3 | P26: 3
A27: DF | B27: 1
A28: ES | B28: 2 | C28: 1 | F28: 1
A29: GO | B29: 1 | D29: 1 | G29: 1
A30: MA | B30: 1
A31: MG | B31: 1 | D31: 1 | F31: 2 | I31: 1 | O31: 1 | W31: 1
A32: MS | F32: 2 | I32: 1
A33: MT
A34: PA | B34: 4
A35: PB | I35: 1
A36: PE | B36: 4
A37: PI
A38: PR | D38: 1 | F38: 2 | G38: 1
A39: RJ | B39: 3 | C39: 3 | E39: 1 | F39: 5 | G39: 1
A40: RN | G40: 1
A41: RO
A42: RR
A43: RS | B43: 4 | E43: 1 | F43: 2
A44: SC | B44: 1 | D44: 1 | F44: 1
A45: SE | B45: 1
A46: SP | B46: 19 | D46: 6 | E46: 3 | F46: 14 | G46: 1 | I46: 2 | K46: 1 | L46: 1 | N46: 6 | O46: 2 | R46: 2 | V46: 1 | W46: 4 | Y46: 1
A47: TO
A48: Total | B48: =SUM(B21:B47) -> 46 | C48: =SUM(C21:C47) -> 4 | D48: =SUM(D21:D47) -> 10 | E48: =SUM(E21:E47) -> 5 | F48: =SUM(F21:F47) -> 31 | G48: =SUM(G21:G47) -> 6 | H48: =SUM(H21:H47) -> 0 | I48: =SUM(I21:I47) -> 5 | ... Y48: =SUM(Y21:Y47) -> 1
AB49: =SUM(B48:X48) -> 129
A50: 1 bike cancelado, já corrigido nas tabelas

Sheet Setembro 2022
A1: ACIONAMENTO - SETEMBRO
A2: Regulador/Seguradora | B2: Argo Condutor | C2: AKAD | D2: AIG | E2: AXA | F2: CHUBB | G2: QBE | H2: FATOR | I2: Porto Seguro | J2: Austral | K2: ZURICH | L2: SOMPO | M2: Berkley | N2: TOKIO | O2: HDI | P2: Excelsior Vida | Q2: Excelsior RCP | R2: Fairfax | S2: Total
A3: Everton | C3: 8 | R3: 1 | S3: =SUM(B3:R3) -> 9 | T3: =S3/$S$13 -> 0.08411215 | V3: RCP | W3: =SUM(C13:M13)+O13+Q13+R13 -> 97
A4: Karisa | C4: 2 | E4: 3 | S4: =SUM(B4:R4) -> 5 | T4: =S4/$S$13 -> 0.046728972 | V4: VIDA | W4: =N13+P13 -> 1
A5: Kênia | C5: 7 | S5: =SUM(B5:R5) -> 7 | T5: =S5/$S$13 -> 0.065420561 | V5: CONDUTOR | W5: =B13 -> 9
A6: Evandro | B6: 9 | C6: 9 | P6: 1 | Q6: 2 | S6: =SUM(B6:R6) -> 21 | T6: =S6/$S$13 -> 0.19626168 | W6: =SUM(W3:W5) -> 107
A7: João | C7: 14 | E7: 2 | S7: =SUM(B7:R7) -> 16 | T7: =S7/$S$13 -> 0.14953271
A8: Maria Beatriz | C8: 1 | S8: =SUM(B8:R8) -> 1 | T8: =S8/$S$13 -> 0.0093457944
A9: Lucas | C9: 19 | S9: =SUM(B9:R9) -> 19 | T9: =S9/$S$13 -> 0.17757009
A10: Michelle | C10: 5 | I10: 1 | L10: 4 | S10: =SUM(B10:R10) -> 10 | T10: =S10/$S$13 -> 0.093457944
A11: Carlos | C11: 18 | O11: 1 | S11: =SUM(B11:R11) -> 19 | T11: =S11/$S$13 -> 0.17757009
A12: Diego | S12: =SUM(B12:R12) -> 0 | T12: =S12/$S$13 -> 0
A13: Total | B13: =SUM(B3:B12) -> 9 | C13: =SUM(C3:C12) -> 83 | D13: =SUM(D3:D12) -> 0 | E13: =SUM(E3:E12) -> 5 | F13: =SUM(F3:F12) -> 0 | G13: =SUM(G3:G12) -> 0 | H13: =SUM(H3:H12) -> 0 | I13: =SUM(I3:I12) -> 1 | ... S13: =SUM(S3:S12) -> 107 | T13: =S13/$S$13 -> 1
A19: Produto | B19: Condutor | C19: Contador | D19: Corretor | E19: Médico | F19: Dentista | G19: RCPM | H19: Advogado | I19: ECV Vistoria Veicular | J19: Posto | K19: Cartório | L19: D & O | M19: Turismo | N19: Vida | O19: Despachante Aduaneiro | P19: Certificado Digital | Q19: RC Operações | R19: Engenheiros/Arquit. | S19: Veterinário | T19: Filmagem | U19: Tecnologia Informação | V19: Sindico/ Adm. Condominios | W19: Farmacêuticos | X19: Editora | Y19: telemarketing Cobrança | Z19: RCG
A20: Total | B20: =B49 -> 9 | C20: =C49 -> 6 | D20: =D49 -> 16 | E20: =E49 -> 29 | F20: =F49 -> 15 | G20: =G49 -> 0 | H20: =H49 -> 7 | I20: =I49 -> 1 | ... Z20: =Z49 -> 3
A21: Estado
A22: AC
A23: AL | C23: 1
A24: AM | F24: 1
A25: AP
A26: BA | E26: 3 | F26: 1 | H26: 1 | Q26: 1
A27: CE
A28: DF | E28: 2
A29: ES | D29: 1
A30: GO | E30: 1
A31: MA | F31: 1
A32: MG | B32: 1 | D32: 1 | E32: 2 | F32: 2 | K32: 1
A33: MS | E33: 1 | H33: 1
A34: MT
A35: PA | D35: 1 | V35: 1
A36: PB
A37: PE
A38: PI
A39: PR | D39: 1 | H39: 1
A40: RJ | B40: 7 | E40: 3 | H40: 1 | K40: 2 | R40: 1 | Y40: 1
A41: RN
A42: RO | E42: 1 | F42: 2
A43: RR
A44: RS | C44: 1 | D44: 1 | E44: 1 | F44: 1 | Z44: 1
A45: SC | D45: 1 | E45: 6 | F45: 1
A46: SE
A47: SP | B47: 1 | C47: 4 | D47: 10 | E47: 9 | F47: 6 | H47: 3 | I47: 1 | K47: 1 | L47: 1 | N47: 1 | O47: 3 | V47: 7 | Z47: 2
A48: TO
A49: Total | B49: =SUM(B22:B48) -> 9 | C49: =SUM(C22:C48) -> 6 | D49: =SUM(D22:D48) -> 16 | E49: =SUM(E22:E48) -> 29 | F49: =SUM(F22:F48) -> 15 | G49: =SUM(G22:G48) -> 0 | H49: =SUM(H22:H48) -> 7 | I49: =SUM(I22:I48) -> 1 | ... Z49: =SUM(Z22:Z48) -> 3
AA50: =SUM(B49:Z49) -> 106

Sheet Outubro 2022
A1: ACIONAMENTO - OUTUBRO
A2: Regulador/Seguradora | B2: Argo Condutor | C2: AKAD | D2: AIG | E2: AXA | F2: CHUBB | G2: QBE | H2: FATOR | I2: Porto Seguro | J2: Austral | K2: ZURICH | L2: SOMPO | M2: Berkley | N2: TOKIO | O2: HDI | P2: Excelsior Vida | Q2: Excelsior RCP | R2: Fairfax | S2: Total
A3: Everton | S3: =SUM(B3:R3) -> 0 | T3: =S3/$S$14 -> 0 | V3: RCP | W3: =SUM(C14:M14)+O14+Q14+R14 -> 89
A4: Carlos | C4: 13 | S4: =SUM(B4:R4) -> 13 | T4: =S4/$S$14 -> 0.12380952 | V4: VIDA | W4: =N14+P14 -> 10
A5: Evandro | B5: 3 | C5: 9 | P5: 2 | S5: =SUM(B5:R5) -> 14 | T5: =S5/$S$14 -> 0.13333333 | V5: CONDUTOR | W5: =B14 -> 6
A6: João | C6: 3 | E6: 4 | H6: 1 | R6: 4 | S6: =SUM(B6:R6) -> 12 | T6: =S6/$S$14 -> 0.11428571 | W6: =SUM(W3:W5) -> 105
A7: Karisa | C7: 6 | P7: 6 | S7: =SUM(B7:R7) -> 12 | T7: =S7/$S$14 -> 0.11428571
A8: Leonardo | C8: 4 | S8: =SUM(B8:R8) -> 4 | T8: =S8/$S$14 -> 0.038095238
A9: Lucas | B9: 3 | C9: 9 | P9: 2 | S9: =SUM(B9:R9) -> 14 | T9: =S9/$S$14 -> 0.13333333
A10: Maria Beatriz | C10: 13 | S10: =SUM(B10:R10) -> 13 | T10: =S10/$S$14 -> 0.12380952
A11: Michelle | C11: 5 | I11: 2 | L11: 3 | S11: =SUM(B11:R11) -> 10 | T11: =S11/$S$14 -> 0.095238095
A12: Renata | C12: 13 | S12: =SUM(B12:R12) -> 13 | T12: =S12/$S$14 -> 0.12380952
A13: Diego | S13: =SUM(B13:R13) -> 0 | T13: =S13/$S$14 -> 0
A14: Total | B14: =SUM(B3:B13) -> 6 | C14: =SUM(C3:C13) -> 75 | D14: =SUM(D3:D13) -> 0 | E14: =SUM(E3:E13) -> 4 | F14: =SUM(F3:F13) -> 0 | G14: =SUM(G3:G13) -> 0 | H14: =SUM(H3:H13) -> 1 | I14: =SUM(I3:I13) -> 2 | ... S14: =SUM(S3:S13) -> 105 | T14: =S14/$S$14 -> 1
A20: Produto | B20: Condutor | C20: Contador | D20: Corretor | E20: Médico | F20: Dentista | G20: RCPM | H20: Advogado | I20: ECV Vistoria Veicular | J20: Posto | K20: Cartório | L20: D & O | M20: Turismo | N20: Vida | O20: Despachante Aduaneiro | P20: Certificado Digital | Q20: RC Operações | R20: Engenheiros/Arquit. | S20: Veterinário | T20: Filmagem | U20: Tecnologia Informação | V20: Sindico/ Adm. Condominios | W20: Farmacêuticos | X20: Editora | Y20: telemarketing Cobrança | Z20: RCG
A21: Total | B21: =B50 -> 2 | C21: =C50 -> 8 | D21: =D50 -> 11 | E21: =E50 -> 25 | F21: =F50 -> 8 | G21: =G50 -> 0 | H21: =H50 -> 3 | I21: =I50 -> 0 | ... Z21: =Z50 -> 7
A22: Estado
A23: AC
A24: AL
A25: AM | N25: 1
A26: AP | F26: 1
A27: BA | E27: 2
A28: CE
A29: DF | F29: 1
A30: ES | D30: 1 | F30: 1
A31: GO
A32: MA | F32: 1
A33: MG | D33: 1 | E33: 1 | H33: 1 | N33: 1
A34: MS | C34: 1
A35: MT
A36: PA | H36: 1
A37: PB
A38: PE | E38: 1 | N38: 1
A39: PI
A40: PR | C40: 1 | D40: 1 | E40: 1 | F40: 1 | H40: 1 | N40: 1
A41: RJ | B41: 1 | E41: 7 | F41: 1
A42: RN
A43: RO
A44: RR
A45: RS | M45: 1 | Z45: 1
A46: SC | D46: 1 | E46: 4 | K46: 1 | N46: 1 | R46: 1
A47: SE
A48: SP | B48: 1 | C48: 6 | D48: 7 | E48: 9 | F48: 2 | M48: 12 | N48: 5 | R48: 3 | Z48: 6
A49: TO
A50: Total | B50: =SUM(B23:B49) -> 2 | C50: =SUM(C23:C49) -> 8 | D50: =SUM(D23:D49) -> 11 | E50: =SUM(E23:E49) -> 25 | F50: =SUM(F23:F49) -> 8 | G50: =SUM(G23:G49) -> 0 | H50: =SUM(H23:H49) -> 3 | I50: =SUM(I23:I49) -> 0 | ... Z50: =SUM(Z23:Z49) -> 7
AA51: =SUM(B50:Z50) -> 92

Sheet Novembro 2022
A1: ACIONAMENTO - NOVEMBRO
A2: Regulador/Seguradora | B2: Argo Condutor | C2: AKAD | D2: AIG | E2: AXA | F2: CHUBB | G2: QBE | H2: FATOR | I2: Porto Seguro | J2: Austral | K2: ZURICH | L2: SOMPO | M2: Berkley | N2: TOKIO | O2: HDI | P2: Excelsior Vida | Q2: Excelsior RCP | R2: Fairfax | S2: Total
A3: Everton | R3: 3 | S3: =SUM(B3:R3) -> 3 | T3: =S3/$S$13 -> 0.033707865 | V3: RCP | W3: =SUM(C13:M13)+O13+Q13+R13+N13 -> 81
A4: Carlos | C4: 10 | N4: 1 | S4: =SUM(B4:R4) -> 11 | T4: =S4/$S$13 -> 0.12359551 | V4: VIDA | W4: =P13 -> 3
A5: Evandro | B5: 2 | C5: 11 | S5: =SUM(B5:R5) -> 13 | T5: =S5/$S$13 -> 0.14606742 | V5: CONDUTOR | W5: =B13 -> 5
A6: João | C6: 7 | E6: 1 | R6: 1 | S6: =SUM(B6:R6) -> 9 | T6: =S6/$S$13 -> 0.1011236 | W6: =SUM(W3:W5) -> 89
A7: Karisa | C7: 9 | P7: 2 | Q7: 1 | S7: =SUM(B7:R7) -> 12 | T7: =S7/$S$13 -> 0.13483146
A8: Leonardo | C8: 12 | S8: =SUM(B8:R8) -> 12 | T8: =S8/$S$13 -> 0.13483146
A9: Lucas | B9: 3 | C9: 8 | P9: 1 | S9: =SUM(B9:R9) -> 12 | T9: =S9/$S$13 -> 0.13483146
A10: Michelle | C10: 2 | L10: 2 | S10: =SUM(B10:R10) -> 4 | T10: =S10/$S$13 -> 0.04494382
A11: Renata | C11: 13 | S11: =SUM(B11:R11) -> 13 | T11: =S11/$S$13 -> 0.14606742
A12: Diego | S12: =SUM(B12:R12) -> 0 | T12: =S12/$S$13 -> 0
A13: Total | B13: =SUM(B3:B12) -> 5 | C13: =SUM(C3:C12) -> 72 | D13: =SUM(D3:D12) -> 0 | E13: =SUM(E3:E12) -> 1 | F13: =SUM(F3:F12) -> 0 | G13: =SUM(G3:G12) -> 0 | H13: =SUM(H3:H12) -> 0 | I13: =SUM(I3:I12) -> 0 | ... S13: =SUM(S3:S12) -> 89 | T13: =S13/$S$13 -> 1
A19: Produto | B19: Condutor | C19: Contador | D19: Corretor | E19: Médico | F19: Dentista | G19: RCPM | H19: Advogado | I19: ECV Vistoria Veicular | J19: Posto | K19: Cartório | L19: D & O | M19: Turismo | N19: Vida | O19: Despachante Aduaneiro | P19: Certificado Digital | Q19: RC Operações | R19: Engenheiros/Arquit. | S19: Veterinário | T19: Filmagem | U19: Tecnologia Informação | V19: Sindico/ Adm. Condominios | W19: Farmacêuticos | X19: Editora | Y19: telemarketing Cobrança | Z19: RCG
A20: Total | B20: =B49 -> 5 | C20: =C49 -> 4 | D20: =D49 -> 19 | E20: =E49 -> 27 | F20: =F49 -> 11 | G20: =G49 -> 0 | H20: =H49 -> 8 | I20: =I49 -> 1 | ... Z20: =Z49 -> 0
A21: Estado
A22: AC
A23: AL
A24: AM
A25: AP
A26: BA | D26: 3 | E26: 1
A27: CE
A28: DF | D28: 1
A29: ES
A30: GO | F30: 1
A31: MA
A32: MG | C32: 1 | D32: 1 | E32: 2 | H32: 1
A33: MS | E33: 2
A34: MT | D34: 1 | H34: 1 | AB34: fairfax
A35: PA | AB35: excelsior rcp
A36: PB | H36: 2
A37: PE
A38: PI
A39: PR | D39: 1 | E39: 2 | H39: 1
A40: RJ | B40: 3 | E40: 2 | F40: 4 | H40: 1
A41: RN
A42: RO | F42: 1
A43: RR
A44: RS | D44: 1 | E44: 2 | F44: 2 | N44: 1
A45: SC | C45: 1 | D45: 2 | E45: 3 | J45: 1 | V45: 1
A46: SE
A47: SP | B47: 2 | C47: 2 | D47: 9 | E47: 13 | F47: 3 | H47: 2 | I47: 1 | J47: 1 | M47: 2 | N47: 2 | S47: 1 | U47: 1 | V47: 2
A48: TO
A49: Total | B49: =SUM(B22:B48) -> 5 | C49: =SUM(C22:C48) -> 4 | D49: =SUM(D22:D48) -> 19 | E49: =SUM(E22:E48) -> 27 | F49: =SUM(F22:F48) -> 11 | G49: =SUM(G22:G48) -> 0 | H49: =SUM(H22:H48) -> 8 | I49: =SUM(I22:I48) -> 1 | ... Z49: =SUM(Z22:Z48) -> 0
AA50: =SUM(B49:Z49) -> 87

Sheet Dezembro 2022
A1: ACIONAMENTO - NOVEMBRO
A2: Regulador/Seguradora | B2: Argo Condutor | C2: AKAD | D2: AIG | E2: AXA | F2: CHUBB | G2: QBE | H2: FATOR | I2: Porto Seguro | J2: Austral | K2: ZURICH | L2: SOMPO | M2: Berkley | N2: TOKIO | O2: HDI | P2: Excelsior Vida | Q2: Excelsior RCP | R2: Fairfax | S2: Total
A3: Everton | R3: 3 | S3: =SUM(B3:R3) -> 3 | T3: =S3/$S$13 -> 0.037974684 | V3: RCP | W3: =SUM(C13:M13)+O13+Q13+R13+N13 -> 71
A4: Carlos | C4: 6 | N4: 3 | S4: =SUM(B4:R4) -> 9 | T4: =S4/$S$13 -> 0.11392405 | V4: VIDA | W4: =P13 -> 1
A5: Evandro | B5: 2 | C5: 8 | P5: 1 | Q5: 1 | S5: =SUM(B5:R5) -> 12 | T5: =S5/$S$13 -> 0.15189873 | V5: CONDUTOR | W5: =B13 -> 7
A6: João | C6: 3 | E6: 1 | R6: 4 | S6: =SUM(B6:R6) -> 8 | T6: =S6/$S$13 -> 0.10126582 | W6: =SUM(W3:W5) -> 79
A7: Karisa | C7: 7 | E7: 1 | S7: =SUM(B7:R7) -> 8 | T7: =S7/$S$13 -> 0.10126582
A8: Leonardo | C8: 10 | S8: =SUM(B8:R8) -> 10 | T8: =S8/$S$13 -> 0.12658228
A9: Lucas | B9: 5 | C9: 7 | S9: =SUM(B9:R9) -> 12 | T9: =S9/$S$13 -> 0.15189873
A10: Michelle | C10: 6 | S10: =SUM(B10:R10) -> 6 | T10: =S10/$S$13 -> 0.075949367
A11: Renata | C11: 11 | S11: =SUM(B11:R11) -> 11 | T11: =S11/$S$13 -> 0.13924051
A12: Diego | S12: =SUM(B12:R12) -> 0 | T12: =S12/$S$13 -> 0
A13: Total | B13: =SUM(B3:B12) -> 7 | C13: =SUM(C3:C12) -> 58 | D13: =SUM(D3:D12) -> 0 | E13: =SUM(E3:E12) -> 2 | F13: =SUM(F3:F12) -> 0 | G13: =SUM(G3:G12) -> 0 | H13: =SUM(H3:H12) -> 0 | I13: =SUM(I3:I12) -> 0 | ... S13: =SUM(S3:S12) -> 79 | T13: =S13/$S$13 -> 1
A19: Produto | B19: Condutor | C19: Contador | D19: Corretor | E19: Médico | F19: Dentista | G19: RCPM | H19: Advogado | I19: ECV Vistoria Veicular | J19: Posto | K19: Cartório | L19: D & O | M19: Turismo | N19: Vida | O19: Despachante Aduaneiro | P19: Certificado Digital | Q19: RC Operações | R19: Engenheiros/Arquit. | S19: Veterinário | T19: Filmagem | U19: Tecnologia Informação | V19: Sindico/ Adm. Condominios | W19: Farmacêuticos | X19: Editora | Y19: telemarketing Cobrança | Z19: RCG
A20: Total | B20: =B49 -> 7 | C20: =C49 -> 5 | D20: =D49 -> 10 | E20: =E49 -> 28 | F20: =F49 -> 10 | G20: =G49 -> 0 | H20: =H49 -> 6 | I20: =I49 -> 1 | ... Z20: =Z49 -> 1
A21: Estado
A22: AC
A23: AL
A24: AM
A25: AP
A26: BA | E26: 1 | K26: 2
A27: CE
A28: DF
A29: ES
A30: GO
A31: MA
A32: MG | D32: 2 | H32: 3 | N32: 1 | Z32: 1
A33: MS | E33: 2
A34: MT
A35: PA
A36: PB
A37: PE | D37: 1
A38: PI
A39: PR | C39: 4 | D39: 1 | E39: 2 | F39: 2 | V39: 1
A40: RJ | B40: 7 | E40: 2 | F40: 3
A41: RN
A42: RO | F42: 1
A43: RR
A44: RS | D44: 1 | E44: 1 | J44: 1
A45: SC | E45: 4 | F45: 1 | I45: 1
A46: SE
A47: SP | C47: 1 | D47: 5 | E47: 16 | F47: 3 | H47: 2 | J47: 1 | K47: 1 | O47: 1 | V47: 2
A48: TO | H48: 1
A49: Total | B49: =SUM(B22:B48) -> 7 | C49: =SUM(C22:C48) -> 5 | D49: =SUM(D22:D48) -> 10 | E49: =SUM(E22:E48) -> 28 | F49: =SUM(F22:F48) -> 10 | G49: =SUM(G22:G48) -> 0 | H49: =SUM(H22:H48) -> 6 | I49: =SUM(I22:I48) -> 1 | ... Z49: =SUM(Z22:Z48) -> 1
AA50: =SUM(B49:Z49) -> 78

Sheet Janeiro 2023
A1: ACIONAMENTO - JANEIRO
A2: Regulador/Seguradora | B2: Akad Condutor | C2: AKAD | D2: AIG | E2: AXA | F2: CHUBB | G2: QBE | H2: FATOR | I2: Porto Seguro | J2: Austral | K2: ZURICH | L2: SOMPO | M2: Berkley | N2: TOKIO | O2: HDI | P2: Excelsior Vida | Q2: Excelsior RCP | R2: Fairfax | S2: Total
A3: Everton | R3: 3 | S3: =SUM(B3:R3) -> 3 | T3: =S3/$S$13 -> 0.035294118 | V3: RCP | W3: =SUM(C13:M13)+O13+Q13+R13+N13 -> 81
A4: Carlos | C4: 6 | N4: 4 | S4: =SUM(B4:R4) -> 10 | T4: =S4/$S$13 -> 0.11764706 | V4: VIDA | W4: =P13 -> 3
A5: Evandro | C5: 9 | P5: 2 | S5: =SUM(B5:R5) -> 11 | T5: =S5/$S$13 -> 0.12941176 | V5: CONDUTOR | W5: =B13 -> 1
A6: João | R6: 3 | S6: =SUM(B6:R6) -> 3 | T6: =S6/$S$13 -> 0.035294118 | W6: =SUM(W3:W5) -> 85
A7: Karisa | C7: 8 | P7: 1 | R7: 6 | S7: =SUM(B7:R7) -> 15 | T7: =S7/$S$13 -> 0.17647059
A8: Leonardo | C8: 11 | S8: =SUM(B8:R8) -> 11 | T8: =S8/$S$13 -> 0.12941176
A9: Lucas | B9: 1 | C9: 11 | S9: =SUM(B9:R9) -> 12 | T9: =S9/$S$13 -> 0.14117647
A10: Michelle | C10: 11 | S10: =SUM(B10:R10) -> 11 | T10: =S10/$S$13 -> 0.12941176
A11: Renata | C11: 9 | S11: =SUM(B11:R11) -> 9 | T11: =S11/$S$13 -> 0.10588235
A12: Diego | S12: =SUM(B12:R12) -> 0 | T12: =S12/$S$13 -> 0
A13: Total | B13: =SUM(B3:B12) -> 1 | C13: =SUM(C3:C12) -> 65 | D13: =SUM(D3:D12) -> 0 | E13: =SUM(E3:E12) -> 0 | F13: =SUM(F3:F12) -> 0 | G13: =SUM(G3:G12) -> 0 | H13: =SUM(H3:H12) -> 0 | I13: =SUM(I3:I12) -> 0 | ... S13: =SUM(S3:S12) -> 85 | T13: =S13/$S$13 -> 1
A19: Produto | B19: Condutor | C19: Contador | D19: Corretor | E19: Médico | F19: Dentista | G19: RCPM | H19: Advogado | I19: ECV Vistoria Veicular | J19: Posto | K19: Cartório | L19: D & O | M19: Turismo | N19: Vida | O19: Despachante Aduaneiro | P19: Certificado Digital | Q19: RC Operações | R19: Engenheiros/Arquit. | S19: Veterinário | T19: Filmagem | U19: Tecnologia Informação | V19: Sindico/ Adm. Condominios | W19: Farmacêuticos | X19: Editora | Y19: telemarketing Cobrança | Z19: RCG
A20: Total | B20: =B49 -> 1 | C20: =C49 -> 6 | D20: =D49 -> 13 | E20: =E49 -> 33 | F20: =F49 -> 9 | G20: =G49 -> 0 | H20: =H49 -> 4 | I20: =I49 -> 1 | ... Z20: =Z49 -> 0
A21: Estado
A22: AC
A23: AL | C23: 1
A24: AM
A25: AP
A26: BA | C26: 1
A27: CE
A28: DF
A29: ES | D29: 1
A30: GO
A31: MA
A32: MG | D32: 2 | E32: 1 | F32: 4 | N32: 1 | R32: 1
A33: MS | I33: 1
A34: MT
A35: PA
A36: PB
A37: PE | D37: 1 | E37: 1
A38: PI
A39: PR | D39: 1 | E39: 3 | M39: 1
A40: RJ | B40: 1 | E40: 8 | F40: 2
A41: RN
A42: RO | D42: 1 | H42: 1
A43: RR
A44: RS | D44: 1 | E44: 5
A45: SC | D45: 1 | E45: 4 | F45: 1
A46: SE
A47: SP | C47: 4 | D47: 5 | E47: 11 | F47: 2 | H47: 3 | J47: 2 | M47: 1 | N47: 2 | Q47: 4 | R47: 4 | V47: 1
A48: TO
A49: Total | B49: =SUM(B22:B48) -> 1 | C49: =SUM(C22:C48) -> 6 | D49: =SUM(D22:D48) -> 13 | E49: =SUM(E22:E48) -> 33 | F49: =SUM(F22:F48) -> 9 | G49: =SUM(G22:G48) -> 0 | H49: =SUM(H22:H48) -> 4 | I49: =SUM(I22:I48) -> 1 | ... Z49: =SUM(Z22:Z48) -> 0
AA50: =SUM(B49:Z49) -> 84

Sheet Fevereiro 2023
A1: ACIONAMENTO - FEVEREIRO
A2: Regulador/Seguradora | B2: Akad Condutor | C2: AKAD | D2: AIG | E2: AXA | F2: CHUBB | G2: QBE | H2: FATOR | I2: Porto Seguro | J2: Austral | K2: ZURICH | L2: SOMPO | M2: Berkley | N2: TOKIO | O2: HDI | P2: Excelsior Vida | Q2: Excelsior RCP | R2: Fairfax | S2: Total
A3: Everton | S3: =SUM(B3:R3) -> 0 | T3: =S3/$S$13 -> 0 | V3: RCP | W3: =SUM(C13:M13)+O13+Q13+R13+N13 -> 83
A4: Carlos | C4: 12 | E4: 1 | S4: =SUM(B4:R4) -> 13 | T4: =S4/$S$13 -> 0.14444444 | V4: VIDA | W4: =P13 -> 3
A5: Evandro | B5: 1 | C5: 8 | P5: 2 | R5: 2 | S5: =SUM(B5:R5) -> 13 | T5: =S5/$S$13 -> 0.14444444 | V5: CONDUTOR | W5: =B13 -> 4
A6: Guilherme | C6: 8 | S6: =SUM(B6:R6) -> 8 | T6: =S6/$S$13 -> 0.088888889 | W6: =SUM(W3:W5) -> 90
A7: João | R7: 2 | S7: =SUM(B7:R7) -> 2 | T7: =S7/$S$13 -> 0.022222222
A8: Leonardo | C8: 14 | S8: =SUM(B8:R8) -> 14 | T8: =S8/$S$13 -> 0.15555556
A9: Lucas | B9: 3 | C9: 10 | P9: 1 | S9: =SUM(B9:R9) -> 14 | T9: =S9/$S$13 -> 0.15555556
A10: Michelle | C10: 4 | I10: 1 | L10: 1 | R10: 7 | S10: =SUM(B10:R10) -> 13 | T10: =S10/$S$13 -> 0.14444444
A11: Renata | C11: 13 | S11: =SUM(B11:R11) -> 13 | T11: =S11/$S$13 -> 0.14444444
A12: Diego | S12: =SUM(B12:R12) -> 0 | T12: =S12/$S$13 -> 0
A13: Total | B13: =SUM(B3:B12) -> 4 | C13: =SUM(C3:C12) -> 69 | D13: =SUM(D3:D12) -> 0 | E13: =SUM(E3:E12) -> 1 | F13: =SUM(F3:F12) -> 0 | G13: =SUM(G3:G12) -> 0 | H13: =SUM(H3:H12) -> 0 | I13: =SUM(I3:I12) -> 1 | ... S13: =SUM(S3:S12) -> 90 | T13: =S13/$S$13 -> 1
A19: Produto | B19: Condutor | C19: Contador | D19: Corretor | E19: Médico | F19: Dentista | G19: RCPM | H19: Advogado | I19: ECV Vistoria Veicular | J19: Posto | K19: Cartório | L19: D & O | M19: Turismo | N19: Vida | O19: Despachante Aduaneiro | P19: Certificado Digital | Q19: RC Operações | R19: Engenheiros/Arquit. | S19: Veterinário | T19: Filmagem | U19: Tecnologia Informação | V19: Sindico/ Adm. Condominios | W19: Farmacêuticos | X19: Editora | Y19: telemarketing Cobrança | Z19: Salão de Beleza
A20: Total | B20: =B49 -> 4 | C20: =C49 -> 6 | D20: =D49 -> 12 | E20: =E49 -> 30 | F20: =F49 -> 5 | G20: =G49 -> 0 | H20: =H49 -> 3 | I20: =I49 -> 0 | ... Z20: =Z49 -> 1
A21: Estado
A22: AC
A23: AL
A24: AM | F24: 1
A25: AP
A26: BA | D26: 1 | E26: 1
A27: CE | E27: 1
A28: DF
A29: ES | D29: 1
A30: GO
A31: MA | M31: 1
A32: MG | D32: 1 | E32: 2 | F32: 1
A33: MS
A34: MT
A35: PA | D35: 1
A36: PB
A37: PE | D37: 1 | N37: 1
A38: PI
A39: PR | C39: 1 | D39: 1 | E39: 5 | F39: 1
A40: RJ | B40: 4 | C40: 1 | D40: 1 | E40: 8 | H40: 1
A41: RN
A42: RO | E42: 1
A43: RR
A44: RS | E44: 3
A45: SC | C45: 2 | D45: 3 | E45: 3 | F45: 1
A46: SE
A47: SP | C47: 2 | D47: 2 | E47: 6 | F47: 1 | H47: 2 | N47: 2 | O47: 1 | R47: 1 | V47: 1 | Z47: 1
A48: TO
A49: Total | B49: =SUM(B22:B48) -> 4 | C49: =SUM(C22:C48) -> 6 | D49: =SUM(D22:D48) -> 12 | E49: =SUM(E22:E48) -> 30 | F49: =SUM(F22:F48) -> 5 | G49: =SUM(G22:G48) -> 0 | H49: =SUM(H22:H48) -> 3 | I49: =SUM(I22:I48) -> 0 | ... Z49: =SUM(Z22:Z48) -> 1
AA50: =SUM(B49:Z49) -> 68

Sheet Março 2023
A1: ACIONAMENTO - MARÇO
A2: Regulador/Seguradora | B2: Akad Condutor | C2: AKAD | D2: AIG | E2: AXA | F2: CHUBB | G2: QBE | H2: FATOR | I2: Porto Seguro | J2: Austral | K2: ZURICH | L2: SOMPO | M2: Berkley | N2: TOKIO | O2: HDI | P2: Excelsior Vida | Q2: Excelsior RCP | R2: Fairfax | S2: Total
A3: Everton | S3: =SUM(B3:R3) -> 0 | T3: =S3/$S$11 -> 0 | V3: RCP | W3: =SUM(C11:M11)+O11+Q11+R11+N11 -> 127
A4: Carlos | C4: 6 | I4: 3 | R4: 8 | S4: =SUM(B4:R4) -> 17 | T4: =S4/$S$11 -> 0.12408759 | V4: VIDA | W4: =P11 -> 3
A5: Evandro | B5: 3 | C5: 7 | I5: 1 | P5: 1 | R5: 5 | S5: =SUM(B5:R5) -> 17 | T5: =S5/$S$11 -> 0.12408759 | V5: CONDUTOR | W5: =B11 -> 7
A6: Guilherme | C6: 23 | S6: =SUM(B6:R6) -> 23 | T6: =S6/$S$11 -> 0.16788321 | W6: =SUM(W3:W5) -> 137
A7: Leonardo | C7: 21 | S7: =SUM(B7:R7) -> 21 | T7: =S7/$S$11 -> 0.15328467
A8: Lucas | B8: 4 | C8: 13 | P8: 2 | Q8: 3 | S8: =SUM(B8:R8) -> 22 | T8: =S8/$S$11 -> 0.16058394
A9: Michelle | C9: 6 | I9: 3 | L9: 1 | R9: 9 | S9: =SUM(B9:R9) -> 19 | T9: =S9/$S$11 -> 0.13868613
A10: Renata | C10: 18 | S10: =SUM(B10:R10) -> 18 | T10: =S10/$S$11 -> 0.13138686
A11: Total | B11: =SUM(B3:B10) -> 7 | C11: =SUM(C3:C10) -> 94 | D11: =SUM(D3:D10) -> 0 | E11: =SUM(E3:E10) -> 0 | F11: =SUM(F3:F10) -> 0 | G11: =SUM(G3:G10) -> 0 | H11: =SUM(H3:H10) -> 0 | I11: =SUM(I3:I10) -> 7 | ... S11: =SUM(S3:S10) -> 137 | T11: =S11/$S$11 -> 1
A17: Produto | B17: Condutor | C17: Contador | D17: Corretor | E17: Médico | F17: Dentista | G17: RCPM | H17: Advogado | I17: ECV Vistoria Veicular | J17: Posto | K17: Cartório | L17: D & O | M17: Turismo | N17: Vida | O17: Despachante Aduaneiro | P17: Certificado Digital | Q17: RC Operações | R17: Engenheiros/Arquit. | S17: Veterinário | T17: Filmagem | U17: Tecnologia Informação | V17: Sindico/ Adm. Condominios | W17: Farmacêuticos | X17: Editora | Y17: telemarketing Cobrança | Z17: Salão de Beleza
A18: Total | B18: =B47 -> 4 | C18: =C47 -> 3 | D18: =D47 -> 1 | E18: =E47 -> 25 | F18: =F47 -> 5 | G18: =G47 -> 0 | H18: =H47 -> 5 | I18: =I47 -> 0 | ... Z18: =Z47 -> 0
A19: Estado
A20: AC
A21: AL
A22: AM | E22: 1
A23: AP
A24: BA
A25: CE
A26: DF
A27: ES | E27: 1 | F27: 1
A28: GO
A29: MA
A30: MG | E30: 6 | F30: 1 | H30: 1
A31: MS
A32: MT
A33: PA | H33: 1
A34: PB
A35: PE
A36: PI
A37: PR | E37: 2 | H37: 1
A38: RJ | B38: 3 | E38: 2 | F38: 1
A39: RN | K39: 1
A40: RO
A41: RR
A42: RS | E42: 1
A43: SC | E43: 4 | J43: 1 | R43: 1
A44: SE
A45: SP | B45: 1 | C45: 3 | D45: 1 | E45: 8 | F45: 2 | H45: 2 | N45: 1 | U45: 1
A46: TO
A47: Total | B47: =SUM(B20:B46) -> 4 | C47: =SUM(C20:C46) -> 3 | D47: =SUM(D20:D46) -> 1 | E47: =SUM(E20:E46) -> 25 | F47: =SUM(F20:F46) -> 5 | G47: =SUM(G20:G46) -> 0 | H47: =SUM(H20:H46) -> 5 | I47: =SUM(I20:I46) -> 0 | ... Z47: =SUM(Z20:Z46) -> 0
AA48: =SUM(B47:Z47) -> 48

Sheet Abril 2023
A1: ACIONAMENTO - ABRIL
A2: Regulador/Seguradora | B2: Akad Condutor | C2: AKAD | D2: AIG | E2: AXA | F2: CHUBB | G2: QBE | H2: FATOR | I2: Porto Seguro | J2: Austral | K2: ZURICH | L2: SOMPO | M2: Berkley | N2: TOKIO | O2: HDI | P2: Excelsior Vida | Q2: Excelsior RCP | R2: Fairfax | S2: Total
A3: Everton | S3: =SUM(B3:R3) -> 0 | T3: =S3/$S$13 -> 0 | V3: RCP | W3: =SUM(C13:M13)+O13+Q13+R13+N13 -> 103
A4: Carlos | C4: 2 | I4: 1 | R4: 3 | S4: =SUM(B4:R4) -> 6 | T4: =S4/$S$13 -> 0.056074766 | V4: VIDA | W4: =P13 -> 2
A5: Evandro | C5: 3 | P5: 1 | R5: 4 | S5: =SUM(B5:R5) -> 8 | T5: =S5/$S$13 -> 0.074766355 | V5: CONDUTOR | W5: =B13 -> 2
A6: Guilherme | C6: 17 | S6: =SUM(B6:R6) -> 17 | T6: =S6/$S$13 -> 0.1588785 | W6: =SUM(W3:W5) -> 107
A7: Leonardo | C7: 14 | S7: =SUM(B7:R7) -> 14 | T7: =S7/$S$13 -> 0.13084112
A8: Letícia | C8: 16 | R8: 2 | S8: =SUM(B8:R8) -> 18 | T8: =S8/$S$13 -> 0.1682243
A9: Lucas | B9: 2 | C9: 9 | P9: 1 | S9: =SUM(B9:R9) -> 12 | T9: =S9/$S$13 -> 0.11214953
A10: Michelle | C10: 1 | I10: 3 | L10: 1 | R10: 8 | S10: =SUM(B10:R10) -> 13 | T10: =S10/$S$13 -> 0.12149533
A11: Renata | C11: 5 | S11: =SUM(B11:R11) -> 5 | T11: =S11/$S$13 -> 0.046728972
A12: Willian | C12: 11 | R12: 3 | S12: =SUM(B12:R12) -> 14 | T12: =S12/$S$13 -> 0.13084112
A13: Total | B13: =SUM(B3:B11) -> 2 | C13: =SUM(C3:C12) -> 78 | D13: =SUM(D3:D11) -> 0 | E13: =SUM(E3:E11) -> 0 | F13: =SUM(F3:F11) -> 0 | G13: =SUM(G3:G11) -> 0 | H13: =SUM(H3:H11) -> 0 | I13: =SUM(I3:I11) -> 4 | J13: =SUM(J3:J11) -> 0 | K13: =SUM(K3:K11) -> 0 | ... Q13: =SUM(Q3:Q11) -> 0 | R13: =SUM(R3:R12) -> 20 | S13: =SUM(S3:S12) -> 107 | T13: =S13/$S$13 -> 1
A19: Produto | B19: Condutor | C19: Contador | D19: Corretor | E19: Médico | F19: Dentista | G19: RCPM | H19: Advogado | I19: ECV Vistoria Veicular | J19: Posto | K19: Cartório | L19: D & O | M19: Turismo | N19: Vida | O19: Despachante Aduaneiro | P19: Certificado Digital | Q19: RC Operações | R19: Engenheiros/Arquit. | S19: Veterinário | T19: Filmagem | U19: Tecnologia Informação | V19: Sindico/ Adm. Condominios | W19: Farmacêuticos | X19: Editora | Y19: telemarketing Cobrança | Z19: Salão de Beleza
A20: Total | B20: =B49 -> 2 | C20: =C49 -> 4 | D20: =D49 -> 19 | E20: =E49 -> 42 | F20: =F49 -> 16 | G20: =G49 -> 0 | H20: =H49 -> 6 | I20: =I49 -> 1 | ... Z20: =Z49 -> 0
A21: Estado
A22: AC | F22: 1
A23: AL
A24: AM
A25: AP
A26: BA | E26: 3
A27: CE | F27: 1
A28: DF | V28: 1
A29: ES | D29: 1 | E29: 1
A30: GO | C30: 1 | E30: 2
A31: MA
A32: MG | D32: 1 | F32: 2 | H32: 1
A33: MS | E33: 2
A34: MT | D34: 1 | E34: 1
A35: PA
A36: PB | E36: 1
A37: PE
A38: PI
A39: PR | E39: 3 | F39: 3 | N39: 1
A40: RJ | B40: 2 | E40: 6 | F40: 3 | H40: 1
A41: RN
A42: RO
A43: RR
A44: RS | D44: 3 | E44: 2 | H44: 1
A45: SC | E45: 6 | F45: 2 | H45: 1 | I45: 1 | V45: 1
A46: SE
A47: SP | C47: 3 | D47: 13 | E47: 15 | F47: 4 | H47: 2 | K47: 1 | M47: 1 | R47: 2 | S47: 1 | U47: 1
A48: TO
A49: Total | B49: =SUM(B22:B48) -> 2 | C49: =SUM(C22:C48) -> 4 | D49: =SUM(D22:D48) -> 19 | E49: =SUM(E22:E48) -> 42 | F49: =SUM(F22:F48) -> 16 | G49: =SUM(G22:G48) -> 0 | H49: =SUM(H22:H48) -> 6 | I49: =SUM(I22:I48) -> 1 | ... Z49: =SUM(Z22:Z48) -> 0
AA50: =SUM(B49:Z49) -> 99

Sheet Maio 2023
A1: ACIONAMENTO - MAIO
A2: Regulador/Seguradora | B2: Akad Condutor | C2: AKAD | D2: AIG | E2: AXA | F2: CHUBB | G2: QBE | H2: FATOR | I2: Porto Seguro | J2: Austral | K2: ZURICH | L2: SOMPO | M2: Berkley | N2: TOKIO | O2: HDI | P2: Excelsior Vida | Q2: Excelsior RCP | R2: Fairfax | S2: Total
A3: Everton | S3: =SUM(B3:R3) -> 0 | T3: =S3/$S$11 -> 0 | V3: RCP | W3: =SUM(C11:M11)+O11+Q11+R11+N11 -> 35
A4: Carlos | B4: 2 | I4: 3 | P4: 1 | S4: =SUM(B4:R4) -> 6 | T4: =S4/$S$11 -> 0.12765957 | V4: VIDA | W4: =P11 -> 3
A5: Guilherme | B5: 2 | C5: 1 | S5: =SUM(B5:R5) -> 3 | T5: =S5/$S$11 -> 0.063829787 | V5: CONDUTOR | W5: =B11 -> 9
A6: Leonardo | B6: 1 | C6: 1 | S6: =SUM(B6:R6) -> 2 | T6: =S6/$S$11 -> 0.042553191 | W6: =SUM(W3:W5) -> 47
A7: Letícia | R7: 9 | S7: =SUM(B7:R7) -> 9 | T7: =S7/$S$11 -> 0.19148936
A8: Lucas | B8: 4 | P8: 2 | Q8: 1 | S8: =SUM(B8:R8) -> 7 | T8: =S8/$S$11 -> 0.14893617
A9: Michelle | I9: 10 | L9: 1 | S9: =SUM(B9:R9) -> 11 | T9: =S9/$S$11 -> 0.23404255
A10: Willian | R10: 9 | S10: =SUM(B10:R10) -> 9 | T10: =S10/$S$11 -> 0.19148936
A11: Total | B11: =SUM(B3:B10) -> 9 | C11: =SUM(C3:C10) -> 2 | D11: =SUM(D3:D9) -> 0 | E11: =SUM(E3:E9) -> 0 | F11: =SUM(F3:F9) -> 0 | G11: =SUM(G3:G9) -> 0 | H11: =SUM(H3:H9) -> 0 | I11: =SUM(I3:I9) -> 13 | J11: =SUM(J3:J9) -> 0 | K11: =SUM(K3:K9) -> 0 | ... Q11: =SUM(Q3:Q9) -> 1 | R11: =SUM(R3:R10) -> 18 | S11: =SUM(S3:S10) -> 47 | T11: =S11/$S$11 -> 1
A17: Produto | B17: Condutor | C17: Contador | D17: Corretor | E17: Médico | F17: Dentista | G17: RCPM | H17: Advogado | I17: ECV Vistoria Veicular | J17: Posto | K17: Cartório | L17: D & O | M17: Turismo | N17: Vida | O17: Despachante Aduaneiro | P17: Certificado Digital | Q17: RC Operações | R17: Engenheiros/Arquit. | S17: Veterinário | T17: Filmagem | U17: Tecnologia Informação | V17: Sindico/ Adm. Condominios | W17: Farmacêuticos | X17: Editora | Y17: telemarketing Cobrança | Z17: Salão de Beleza
A18: Total | B18: =B47 -> 5 | C18: =C47 -> 1 | D18: =D47 -> 1 | E18: =E47 -> 8 | F18: =F47 -> 0 | G18: =G47 -> 0 | H18: =H47 -> 1 | I18: =I47 -> 1 | ... Z18: =Z47 -> 0
A19: Estado
A20: AC
A21: AL
A22: AM
A23: AP
A24: BA
A25: CE | E25: 1
A26: DF
A27: ES
A28: GO
A29: MA
A30: MG
A31: MS
A32: MT
A33: PA
A34: PB
A35: PE | B35: 1
A36: PI
A37: PR
A38: RJ | B38: 1 | E38: 2
A39: RN
A40: RO
A41: RR
A42: RS | B42: 1
A43: SC | E43: 1 | V43: 1
A44: SE
A45: SP | B45: 2 | C45: 1 | D45: 1 | E45: 4 | H45: 1 | I45: 1 | J45: 1 | N45: 3 | Q45: 1 | T45: 1 | V45: 2
A46: TO
A47: Total | B47: =SUM(B20:B46) -> 5 | C47: =SUM(C20:C46) -> 1 | D47: =SUM(D20:D46) -> 1 | E47: =SUM(E20:E46) -> 8 | F47: =SUM(F20:F46) -> 0 | G47: =SUM(G20:G46) -> 0 | H47: =SUM(H20:H46) -> 1 | I47: =SUM(I20:I46) -> 1 | ... Z47: =SUM(Z20:Z46) -> 0
AA48: =SUM(B47:Z47) -> 26

Sheet Junho  2023
A1: ACIONAMENTO - JUNHO
A2: Regulador/Seguradora | B2: Akad Condutor | C2: AKAD | D2: AIG | E2: AXA | F2: CHUBB | G2: QBE | H2: FATOR | I2: Porto Seguro | J2: Austral | K2: ZURICH | L2: SOMPO | M2: Berkley | N2: TOKIO | O2: HDI | P2: Excelsior Vida | Q2: Excelsior RCP | R2: Fairfax | S2: Total
A3: Everton | S3: =SUM(B3:R3) -> 0 | T3: =S3/$S$11 -> 0 | V3: RCP | W3: =SUM(C11:M11)+O11+Q11+R11+N11 -> 31
A4: Carlos | E4: 1 | H4: 1 | S4: =SUM(B4:R4) -> 2 | T4: =S4/$S$11 -> 0.054054054 | V4: VIDA | W4: =P11 -> 2
A5: Guilherme | Q5: 2 | S5: =SUM(B5:R5) -> 2 | T5: =S5/$S$11 -> 0.054054054 | V5: CONDUTOR | W5: =B11 -> 4
A6: Leonardo | B6: 3 | S6: =SUM(B6:R6) -> 3 | T6: =S6/$S$11 -> 0.081081081 | W6: =SUM(W3:W5) -> 37
A7: Letícia | R7: 10 | S7: =SUM(B7:R7) -> 10 | T7: =S7/$S$11 -> 0.27027027
A8: Lucas | B8: 1 | Q8: 1 | S8: =SUM(B8:R8) -> 2 | T8: =S8/$S$11 -> 0.054054054
A9: Michelle | I9: 3 | L9: 1 | P9: 2 | R9: 5 | S9: =SUM(B9:R9) -> 11 | T9: =S9/$S$11 -> 0.2972973
A10: Willian | R10: 7 | S10: =SUM(B10:R10) -> 7 | T10: =S10/$S$11 -> 0.18918919
A11: Total | B11: =SUM(B3:B10) -> 4 | C11: =SUM(C3:C10) -> 0 | D11: =SUM(D3:D9) -> 0 | E11: =SUM(E3:E9) -> 1 | F11: =SUM(F3:F9) -> 0 | G11: =SUM(G3:G9) -> 0 | H11: =SUM(H3:H9) -> 1 | I11: =SUM(I3:I9) -> 3 | J11: =SUM(J3:J9) -> 0 | K11: =SUM(K3:K9) -> 0 | ... Q11: =SUM(Q3:Q9) -> 3 | R11: =SUM(R3:R10) -> 22 | S11: =SUM(S3:S10) -> 37 | T11: =S11/$S$11 -> 1
A17: Produto | B17: Condutor | C17: Contador | D17: Corretor | E17: Médico | F17: Dentista | G17: RCPM | H17: Advogado | I17: ECV Vistoria Veicular | J17: Posto | K17: Cartório | L17: D & O | M17: Turismo | N17: Vida | O17: Despachante Aduaneiro | P17: Certificado Digital | Q17: RC Operações | R17: Engenheiros/Arquit. | S17: Veterinário | T17: Filmagem | U17: Tecnologia Informação | V17: Sindico/ Adm. Condominios | W17: Farmacêuticos | X17: Editora | Y17: telemarketing Cobrança | Z17: Salão de Beleza
A18: Total | B18: =B47 -> 0 | C18: =C47 -> 0 | D18: =D47 -> 0 | E18: =E47 -> 0 | F18: =F47 -> 0 | G18: =G47 -> 0 | H18: =H47 -> 1 | I18: =I47 -> 0 | ... Z18: =Z47 -> 0
A19: Estado
A20: AC
A21: AL
A22: AM
A23: AP
A24: BA
A25: CE
A26: DF
A27: ES
A28: GO
A29: MA
A30: MG
... A37: PR
A38: RJ | H38: 1
A39: RN
A40: RO
A41: RR
A42: RS
A43: SC
A44: SE
A45: SP | R45: 1
A46: TO
A47: Total | B47: =SUM(B20:B46) -> 0 | C47: =SUM(C20:C46) -> 0 | D47: =SUM(D20:D46) -> 0 | E47: =SUM(E20:E46) -> 0 | F47: =SUM(F20:F46) -> 0 | G47: =SUM(G20:G46) -> 0 | H47: =SUM(H20:H46) -> 1 | I47: =SUM(I20:I46) -> 0 | ... Z47: =SUM(Z20:Z46) -> 0
AA48: =SUM(B47:Z47) -> 2

Sheet Julho 2023
A1: ACIONAMENTO - JUNHO
A2: Regulador/Seguradora | B2: Akad Condutor | C2: AKAD | D2: AIG | E2: AXA | F2: CHUBB | G2: QBE | H2: FATOR | I2: Porto Seguro | J2: Austral | K2: ZURICH | L2: SOMPO | M2: Berkley | N2: TOKIO | O2: HDI | P2: Excelsior Vida | Q2: Excelsior RCP | R2: Fairfax | S2: Total
A3: Everton | S3: =SUM(B3:R3) -> 0 | T3: =S3/$S$11 -> 0 | V3: RCP | W3: =SUM(C11:M11)+O11+Q11+R11+N11 -> 26
A4: Carlos | N4: 1 | R4: 1 | S4: =SUM(B4:R4) -> 2 | T4: =S4/$S$11 -> 0.064516129 | V4: VIDA | W4: =P11 -> 0
A5: Guilherme | B5: 1 | S5: =SUM(B5:R5) -> 1 | T5: =S5/$S$11 -> 0.032258065 | V5: CONDUTOR | W5: =B11 -> 5
A6: Leonardo | B6: 3 | S6: =SUM(B6:R6) -> 3 | T6: =S6/$S$11 -> 0.096774194 | W6: =SUM(W3:W5) -> 31
A7: Letícia | R7: 7 | S7: =SUM(B7:R7) -> 7 | T7: =S7/$S$11 -> 0.22580645
A8: Lucas | B8: 1 | Q8: 4 | S8: =SUM(B8:R8) -> 5 | T8: =S8/$S$11 -> 0.16129032
A9: Michelle | L9: 2 | R9: 4 | S9: =SUM(B9:R9) -> 6 | T9: =S9/$S$11 -> 0.19354839
A10: Willian | R10: 7 | S10: =SUM(B10:R10) -> 7 | T10: =S10/$S$11 -> 0.22580645
A11: Total | B11: =SUM(B3:B10) -> 5 | C11: =SUM(C3:C10) -> 0 | D11: =SUM(D3:D9) -> 0 | E11: =SUM(E3:E9) -> 0 | F11: =SUM(F3:F9) -> 0 | G11: =SUM(G3:G9) -> 0 | H11: =SUM(H3:H9) -> 0 | I11: =SUM(I3:I9) -> 0 | J11: =SUM(J3:J9) -> 0 | K11: =SUM(K3:K9) -> 0 | ... Q11: =SUM(Q3:Q9) -> 4 | R11: =SUM(R3:R10) -> 19 | S11: =SUM(S3:S10) -> 31 | T11: =S11/$S$11 -> 1
A17: Produto | B17: Condutor | C17: Contador | D17: Corretor | E17: Médico | F17: Dentista | G17: RCPM | H17: Advogado | I17: ECV Vistoria Veicular | J17: Posto | K17: Cartório | L17: D & O | M17: Turismo | N17: Vida | O17: Despachante Aduaneiro | P17: Certificado Digital | Q17: RC Operações | R17: Engenheiros/Arquit. | S17: Veterinário | T17: Filmagem | U17: Tecnologia Informação | V17: Sindico/ Adm. Condominios | W17: Farmacêuticos | X17: Editora | Y17: telemarketing Cobrança | Z17: Salão de Beleza
A18: Total | B18: =B47 -> 0 | C18: =C47 -> 1 | D18: =D47 -> 0 | E18: =E47 -> 3 | F18: =F47 -> 0 | G18: =G47 -> 0 | H18: =H47 -> 1 | I18: =I47 -> 0 | ... Z18: =Z47 -> 0
A19: Estado
A20: AC
A21: AL
A22: AM
A23: AP
A24: BA
A25: CE
A26: DF
A27: ES
A28: GO | E28: 1
A29: MA
A30: MG
A31: MS
A32: MT
A33: PA
A34: PB
A35: PE
A36: PI
A37: PR
A38: RJ | K38: 1
A39: RN
A40: RO
A41: RR
A42: RS
A43: SC | E43: 1
A44: SE | H44: 1
A45: SP | C45: 1 | E45: 1
A46: TO
A47: Total | B47: =SUM(B20:B46) -> 0 | C47: =SUM(C20:C46) -> 1 | D47: =SUM(D20:D46) -> 0 | E47: =SUM(E20:E46) -> 3 | F47: =SUM(F20:F46) -> 0 | G47: =SUM(G20:G46) -> 0 | H47: =SUM(H20:H46) -> 1 | I47: =SUM(I20:I46) -> 0 | ... Z47: =SUM(Z20:Z46) -> 0
AA48: =SUM(B47:Z47) -> 6

Sheet Agosto 2023
A1: ACIONAMENTO - AGOSTO
A2: Regulador/Seguradora | B2: AXA | C2: CHUBB | D2: QBE | E2: FATOR | F2: Porto Seguro | G2: Austral | H2: ZURICH | I2: SOMPO | J2: Berkley | K2: TOKIO | L2: HDI | M2: Excelsior Vida | N2: Excelsior RCP | O2: Fairfax | P2: Total
A3: Everton | P3: =SUM(B3:O3) -> 0 | Q3: =P3/$P$10 -> 0 | S3: RCP | T3: =SUM(B10:J10)+L10+N10+O10+K10 -> 43
A4: Carlos | O4: 12 | P4: =SUM(B4:O4) -> 12 | Q4: =P4/$P$10 -> 0.26666667 | S4: VIDA | T4: =M10 -> 2
A5: Guilherme | M5: 1 | P5: =SUM(B5:O5) -> 1 | Q5: =P5/$P$10 -> 0.022222222
A6: Leonardo | P6: =SUM(B6:O6) -> 0 | Q6: =P6/$P$10 -> 0 | T6: =SUM(T3:T5) -> 45
A7: Lucas | M7: 1 | P7: =SUM(B7:O7) -> 1 | Q7: =P7/$P$10 -> 0.022222222
A8: Michelle | F8: 8 | I8: 1 | O8: 8 | P8: =SUM(B8:O8) -> 17 | Q8: =P8/$P$10 -> 0.37777778
A9: Willian | O9: 14 | P9: =SUM(B9:O9) -> 14 | Q9: =P9/$P$10 -> 0.31111111
A10: Total | B10: =SUM(B3:B8) -> 0 | C10: =SUM(C3:C8) -> 0 | D10: =SUM(D3:D8) -> 0 | E10: =SUM(E3:E8) -> 0 | F10: =SUM(F3:F8) -> 8 | G10: =SUM(G3:G8) -> 0 | H10: =SUM(H3:H8) -> 0 | I10: =SUM(I3:I8) -> 1 | ... N10: =SUM(N3:N8) -> 0 | O10: =SUM(O3:O9) -> 34 | P10: =SUM(P3:P9) -> 45 | Q10: =P10/$P$10 -> 1
A16: Produto | B16: Médico | C16: Dentista | D16: RCPM | E16: Advogado | F16: ECV Vistoria Veicular | G16: Posto | H16: Cartório | I16: D & O | J16: Turismo | K16: Vida | L16: Despachante Aduaneiro | M16: Certificado Digital | N16: RC Operações | O16: Engenheiros/Arquit. | P16: Veterinário | Q16: Filmagem | R16: Tecnologia Informação | S16: Sindico/ Adm. Condominios | T16: Farmacêuticos | U16: Editora | V16: telemarketing Cobrança | W16: Salão de Beleza
A17: Total | B17: =B46 -> 3 | C17: =C46 -> 0 | D17: =D46 -> 0 | E17: =E46 -> 1 | F17: =F46 -> 0 | G17: =G46 -> 0 | H17: =H46 -> 1 | I17: =I46 -> 0 | ... W17: =W46 -> 0
A18: Estado
A19: AC
A20: AL
A21: AM
A22: AP
A23: BA
A24: CE
A25: DF
A26: ES
A27: GO | B27: 1
A28: MA
A29: MG
A30: MS
A31: MT
A32: PA
A33: PB
A34: PE
A35: PI
A36: PR
A37: RJ | H37: 1
A38: RN
A39: RO
A40: RR
A41: RS
A42: SC | B42: 1
A43: SE | E43: 1
A44: SP | B44: 1
A45: TO
A46: Total | B46: =SUM(B19:B45) -> 3 | C46: =SUM(C19:C45) -> 0 | D46: =SUM(D19:D45) -> 0 | E46: =SUM(E19:E45) -> 1 | F46: =SUM(F19:F45) -> 0 | G46: =SUM(G19:G45) -> 0 | H46: =SUM(H19:H45) -> 1 | I46: =SUM(I19:I45) -> 0 | ... W46: =SUM(W19:W45) -> 0
X47: =SUM(B46:W46) -> 5

Sheet Setembro 2023
A1: ACIONAMENTO - SETEMBRO
A2: Regulador/Seguradora | B2: AXA | C2: CHUBB | D2: QBE | E2: FATOR | F2: Porto Seguro | G2: Austral | H2: ZURICH | I2: SOMPO | J2: Berkley | K2: TOKIO | L2: HDI | M2: Excelsior Vida | N2: Excelsior RCP | O2: Fairfax | P2: Total
A3: Everton | P3: =SUM(B3:O3) -> 0 | Q3: =P3/$P$10 -> 0 | S3: RCP | T3: =SUM(B10:J10)+L10+N10+O10+K10 -> 49
A4: Carlos | F4: 1 | K4: 2 | O4: 4 | P4: =SUM(B4:O4) -> 7 | Q4: =P4/$P$10 -> 0.14285714 | S4: VIDA | T4: =M10 -> 0
A5: Guilherme | O5: 8 | P5: =SUM(B5:O5) -> 8 | Q5: =P5/$P$10 -> 0.16326531
A6: Leonardo | N6: 2 | O6: 3 | P6: =SUM(B6:O6) -> 5 | Q6: =P6/$P$10 -> 0.10204082 | T6: =SUM(T3:T5) -> 49
A7: Lucas | O7: 10 | P7: =SUM(B7:O7) -> 10 | Q7: =P7/$P$10 -> 0.20408163
A8: Michelle | F8: 9 | I8: 2 | O8: 1 | P8: =SUM(B8:O8) -> 12 | Q8: =P8/$P$10 -> 0.24489796
A9: Willian | O9: 7 | P9: =SUM(B9:O9) -> 7 | Q9: =P9/$P$10 -> 0.14285714
A10: Total | B10: =SUM(B3:B8) -> 0 | C10: =SUM(C3:C8) -> 0 | D10: =SUM(D3:D8) -> 0 | E10: =SUM(E3:E8) -> 0 | F10: =SUM(F3:F8) -> 10 | G10: =SUM(G3:G8) -> 0 | H10: =SUM(H3:H8) -> 0 | I10: =SUM(I3:I8) -> 2 | ... N10: =SUM(N3:N8) -> 2 | O10: =SUM(O3:O9) -> 33 | P10: =SUM(P3:P9) -> 49 | Q10: =P10/$P$10 -> 1
A16: Produto | B16: Médico | C16: Dentista | D16: RCPM | E16: Advogado | F16: ECV Vistoria Veicular | G16: Posto | H16: Cartório | I16: D & O | J16: Turismo | K16: Vida | L16: Despachante Aduaneiro | M16: Certificado Digital | N16: RC Operações | O16: Engenheiros/Arquit. | P16: Veterinário | Q16: Filmagem | R16: Tecnologia Informação | S16: Sindico/ Adm. Condominios | T16: Farmacêuticos | U16: Editora | V16: telemarketing Cobrança | W16: Salão de Beleza
A17: Total | B17: =B46 -> 3 | C17: =C46 -> 0 | D17: =D46 -> 0 | E17: =E46 -> 1 | F17: =F46 -> 0 | G17: =G46 -> 0 | H17: =H46 -> 1 | I17: =I46 -> 0 | ... W17: =W46 -> 0
A18: Estado
A19: AC
A20: AL
A21: AM
A22: AP
A23: BA
A24: CE
A25: DF
A26: ES
A27: GO | B27: 1
A28: MA
A29: MG
A30: MS
A31: MT
A32: PA
A33: PB
A34: PE
A35: PI
A36: PR
A37: RJ | H37: 1
A38: RN
A39: RO
A40: RR
A41: RS
A42: SC | B42: 1
A43: SE | E43: 1
A44: SP | B44: 1
A45: TO
A46: Total | B46: =SUM(B19:B45) -> 3 | C46: =SUM(C19:C45) -> 0 | D46: =SUM(D19:D45) -> 0 | E46: =SUM(E19:E45) -> 1 | F46: =SUM(F19:F45) -> 0 | G46: =SUM(G19:G45) -> 0 | H46: =SUM(H19:H45) -> 1 | I46: =SUM(I19:I45) -> 0 | ... W46: =SUM(W19:W45) -> 0
X47: =SUM(B46:W46) -> 5

Sheet Outubro 2023
A1: ACIONAMENTO - OUTUBRO
A2: Regulador/Seguradora | B2: AKAD RCPM | C2: AXA | D2: CHUBB | E2: QBE | F2: FATOR | G2: Porto Seguro | H2: Austral | I2: ZURICH | J2: SOMPO | K2: Berkley | L2: TOKIO | M2: HDI | N2: Excelsior Vida | O2: Excelsior RCP | P2: Fairfax | Q2: Total
A3: Everton | Q3: =SUM(B3:P3) -> 0 | R3: =Q3/$Q$10 -> 0 | T3: RCP | U3: =SUM(C10:J10)+L10+O10+K10+P10 -> 38
A4: Carlos | P4: 3 | Q4: =SUM(B4:P4) -> 3 | R4: =Q4/$Q$10 -> 0.06 | T4: VIDA | U4: =N10 -> 2
A5: Guilherme | B5: 2 | P5: 5 | Q5: =SUM(B5:P5) -> 7 | R5: =Q5/$Q$10 -> 0.14 | T5: RCPM | U5: =B10 -> 10
A6: Leonardo | B6: 4 | P6: 4 | Q6: =SUM(B6:P6) -> 8 | R6: =Q6/$Q$10 -> 0.16 | U6: =SUM(U3:U5) -> 50
A7: Lucas | B7: 4 | N7: 2 | P7: 4 | Q7: =SUM(B7:P7) -> 10 | R7: =Q7/$Q$10 -> 0.2
A8: Michelle | G8: 11 | J8: 2 | P8: 1 | Q8: =SUM(B8:P8) -> 14 | R8: =Q8/$Q$10 -> 0.28
A9: Willian | G9: 2 | P9: 6 | Q9: =SUM(B9:P9) -> 8 | R9: =Q9/$Q$10 -> 0.16
A10: Total | B10: =SUM(B3:B9) -> 10 | C10: =SUM(C3:C9) -> 0 | D10: =SUM(D3:D9) -> 0 | E10: =SUM(E3:E9) -> 0 | F10: =SUM(F3:F9) -> 0 | G10: =SUM(G3:G9) -> 13 | H10: =SUM(H3:H9) -> 0 | I10: =SUM(I3:I9) -> 0 | ... Q10: =SUM(Q3:Q9) -> 50 | R10: =Q10/$Q$10 -> 1
A16: Produto | B16: Médico | C16: Dentista | D16: RCPM | E16: Advogado | F16: ECV Vistoria Veicular | G16: Posto | H16: Cartório | I16: D & O | J16: Turismo | K16: Vida | L16: Despachante Aduaneiro | M16: Certificado Digital | N16: RC Operações | O16: Engenheiros/Arquit. | P16: Veterinário | Q16: Filmagem | R16: Tecnologia Informação | S16: Sindico/ Adm. Condominios | T16: Farmacêuticos | U16: Editora | V16: telemarketing Cobrança | W16: Salão de Beleza
